batch,part,archive,path,filename,extension,bytes,compressed_bytes,sha256,resource_key
1,,joseph-technologies-cybersecurity-library-v1.zip,joseph-technologies-cybersecurity-library-v1/README.md,README.md,.md,877,515,528f522684a01289e0729700b4613fc6382b2d1aa4ed7e628d5cce96dee270fb,
1,,joseph-technologies-cybersecurity-library-v1.zip,joseph-technologies-cybersecurity-library-v1/schemas/resource.schema.json,resource.schema.json,.json,1820,552,30b574984031a1520641108d57292394b65c1d50e24031ba0454636f0464bcd7,resource-schema
1,,joseph-technologies-cybersecurity-library-v1.zip,joseph-technologies-cybersecurity-library-v1/schemas/workbook.schema.json,workbook.schema.json,.json,699,232,214d0550e72a8d366478a0a8627a95c6e4083dfdbfcda31cca693bd266200a97,workbook-schema
1,,joseph-technologies-cybersecurity-library-v1.zip,joseph-technologies-cybersecurity-library-v1/schemas/diagram.schema.json,diagram.schema.json,.json,533,219,773f258ee21a1144041e66f87ea61a92bce3135aac9e3f239f7cf9238bfcd2f5,diagram-schema
1,,joseph-technologies-cybersecurity-library-v1.zip,joseph-technologies-cybersecurity-library-v1/scripts/download_official_references.py,download_official_references.py,.py,445,288,415ae8c105050c2be2ad20dbb54ea1c99d8806f3add4028a3fefa397da46dc90,download-official-references
1,,joseph-technologies-cybersecurity-library-v1.zip,joseph-technologies-cybersecurity-library-v1/templates/resource-page.html,resource-page.html,.html,491,271,e42b5060cd387183c9214bfd7fe1da8bab036fb7d51468e3e0cb62470b585687,resource-page
1,,joseph-technologies-cybersecurity-library-v1.zip,joseph-technologies-cybersecurity-library-v1/templates/pdf-spec.md,pdf-spec.md,.md,356,231,9a2e993f0d798ca0e7ab536f76514218221de6449eef34dab95568104fccebbd,pdf-spec
1,,joseph-technologies-cybersecurity-library-v1.zip,joseph-technologies-cybersecurity-library-v1/templates/workbook-spec.md,workbook-spec.md,.md,400,254,b509722d37e673502cdcf3e9754c176f84a02b8217fcd80f791caec9e00ced24,workbook-spec
1,,joseph-technologies-cybersecurity-library-v1.zip,joseph-technologies-cybersecurity-library-v1/docs/ROADMAP.md,ROADMAP.md,.md,1758,917,00c91455ba51f46bfbb4b08fe4dcebc2ca067437b4e8394f0c3c4800b554e9b4,roadmap
1,,joseph-technologies-cybersecurity-library-v1.zip,joseph-technologies-cybersecurity-library-v1/docs/CODEX_HANDOFF.md,CODEX_HANDOFF.md,.md,1130,638,8dd6a66f5003f4dde0024d7f1d9dd291079c67a274d99b0ba20f537f73c58f65,codex-handoff
1,,joseph-technologies-cybersecurity-library-v1.zip,joseph-technologies-cybersecurity-library-v1/data/resources/cia-triad.json,cia-triad.json,.json,1007,498,a38da7d0bcb7f7609ed8e240c697e7e49bdcb6350b5cf8df295e542c80b70e00,cia-triad
1,,joseph-technologies-cybersecurity-library-v1.zip,joseph-technologies-cybersecurity-library-v1/data/resources/aaa-access-review.json,aaa-access-review.json,.json,739,374,3f89ba4622ee037fa2db6643f9dbd88965e54c184d754f907e05ccd47b364191,aaa-access-review
1,,joseph-technologies-cybersecurity-library-v1.zip,joseph-technologies-cybersecurity-library-v1/data/resources/bell-lapadula.json,bell-lapadula.json,.json,775,398,3ba31ecd650a9fa22bb5508e92d75d04470086f54817bfcb957eb920b09a91ec,bell-lapadula
1,,joseph-technologies-cybersecurity-library-v1.zip,joseph-technologies-cybersecurity-library-v1/data/resources/biba-integrity.json,biba-integrity.json,.json,724,372,3c5f5a3b0cc6ba0a8165625328d1622c422b6ef0be532d1f9f33b6f1b8135574,biba-integrity
1,,joseph-technologies-cybersecurity-library-v1.zip,joseph-technologies-cybersecurity-library-v1/data/resources/defense-in-depth.json,defense-in-depth.json,.json,740,385,702c206b07fe444f7096e65c8677ac7727adaff750803c785a3e47cefc769920,defense-in-depth
1,,joseph-technologies-cybersecurity-library-v1.zip,joseph-technologies-cybersecurity-library-v1/data/resources/nist-csf-profile.json,nist-csf-profile.json,.json,724,388,7f846db3cf92dbb8a66e062f3d3b5c5e11eac15be004e8b131484e630981f779,nist-csf-profile
1,,joseph-technologies-cybersecurity-library-v1.zip,joseph-technologies-cybersecurity-library-v1/data/resources/nist-rmf-plan.json,nist-rmf-plan.json,.json,804,404,ec37a6f1ef10ec64f982d9db835230dda4e97dafa0011b9224f183a4ee8e28b0,nist-rmf-plan
1,,joseph-technologies-cybersecurity-library-v1.zip,joseph-technologies-cybersecurity-library-v1/data/resources/risk-register.json,risk-register.json,.json,746,384,02e53b2c6c0827276d56fd1dfae3304d85f054d48fc4c1f98e0092e289456b2f,risk-register
1,,joseph-technologies-cybersecurity-library-v1.zip,joseph-technologies-cybersecurity-library-v1/data/resources/incident-intake.json,incident-intake.json,.json,749,381,c84f9877b9bf5caf7a688f4683ae7b0cbd8cacd528b1baee765b4cdec3575e64,incident-intake
1,,joseph-technologies-cybersecurity-library-v1.zip,joseph-technologies-cybersecurity-library-v1/data/resources/chain-of-custody.json,chain-of-custody.json,.json,769,391,3da6c7a67af03268081dd293159ddcfe769c20eb9f07f79330c46c6bbb1615de,chain-of-custody
1,,joseph-technologies-cybersecurity-library-v1.zip,joseph-technologies-cybersecurity-library-v1/data/resources/privacy-impact-assessment.json,privacy-impact-assessment.json,.json,793,387,90d7c13a4028d815cf3f9b4689b22b665ec8eba763e3d743b311886fdff230c4,privacy-impact-assessment
1,,joseph-technologies-cybersecurity-library-v1.zip,joseph-technologies-cybersecurity-library-v1/data/resources/vendor-security-review.json,vendor-security-review.json,.json,783,386,49a50a48898089b56b21e621571ee0a2ee85a8b765bea5397250e214abae1f01,vendor-security-review
1,,joseph-technologies-cybersecurity-library-v1.zip,joseph-technologies-cybersecurity-library-v1/data/resources/catalog.json,catalog.json,.json,10083,1378,774285025dd66e6e0495c1e6bd767e3281d20ff7ba866fdae399e8c1c59c0fc3,
1,,joseph-technologies-cybersecurity-library-v1.zip,joseph-technologies-cybersecurity-library-v1/data/references/official-references.json,official-references.json,.json,2575,717,9fb16755a3ba1224fb2e7ced0b0cc75839278e929d2b19dc55a5285baa4488f5,official-references
1,,joseph-technologies-cybersecurity-library-v1.zip,joseph-technologies-cybersecurity-library-v1/assets/spreadsheets/cia-triad-live-risk-assessment.xlsx,cia-triad-live-risk-assessment.xlsx,.xlsx,21287,15986,f2bfed0f8efc13677b5fec73559dcb6b1dbdc66370ac712aefc2187b3f52357b,cia-triad-live-risk-assessment
1,,joseph-technologies-cybersecurity-library-v1.zip,joseph-technologies-cybersecurity-library-v1/assets/pdf/cia-triad-asset-assessment.pdf,cia-triad-asset-assessment.pdf,.pdf,4933,3136,dc701374065a356b0c9e530818b32a97cc7a57359fca31058910ecce325996b8,cia-triad-asset-assessment
1,,joseph-technologies-cybersecurity-library-v1.zip,joseph-technologies-cybersecurity-library-v1/assets/diagrams/cia-triad.svg,cia-triad.svg,.svg,1311,550,cc40ba949d87c9e097819ef2771e30c403dd978b6ca333de6ac34c7a9412de3b,cia-triad
10,1,joseph-technologies-library-batch-10-part-1.zip,joseph-technologies-library-batch-10-part-1/workbooks/secure-sdlc-companion.xlsx,secure-sdlc-companion.xlsx,.xlsx,23405,18273,46750007a2b75c6caa226b2b07e3d6fedcc144b11df0c1a2fc190ee60eff62a4,secure-sdlc-companion
10,1,joseph-technologies-library-batch-10-part-1.zip,joseph-technologies-library-batch-10-part-1/workbooks/devsecops-pipeline-planner.xlsx,devsecops-pipeline-planner.xlsx,.xlsx,23057,18412,985812f75e497f0ca1fee473171622b6d33014b4862e8e9b3813cf82fdf2ae15,devsecops-pipeline-planner
10,1,joseph-technologies-library-batch-10-part-1.zip,joseph-technologies-library-batch-10-part-1/workbooks/security-requirements-workbook.xlsx,security-requirements-workbook.xlsx,.xlsx,24162,19373,e9c8834feabb97e5004adb16bf60f67f4e71a3fe24c761e27c2863e39a0890d0,security-requirements
10,1,joseph-technologies-library-batch-10-part-1.zip,joseph-technologies-library-batch-10-part-1/pdfs/secure-sdlc-companion.pdf,secure-sdlc-companion.pdf,.pdf,2423,1550,8df7e13e0e85c1e6bc3523f670fbcd97e12345c482cfaf1db2b5a1a231bd86ba,secure-sdlc-companion
10,1,joseph-technologies-library-batch-10-part-1.zip,joseph-technologies-library-batch-10-part-1/pdfs/devsecops-pipeline-planner.pdf,devsecops-pipeline-planner.pdf,.pdf,2434,1559,03f2ff39a25853f2233d06df688f0405fd3c03e6754cec076cc4494fa2c47e6b,devsecops-pipeline-planner
10,1,joseph-technologies-library-batch-10-part-1.zip,joseph-technologies-library-batch-10-part-1/pdfs/security-requirements-workbook.pdf,security-requirements-workbook.pdf,.pdf,2396,1532,65f6a050732d4fdd5b09adba2f4e9de85a7f8f2b3ee12c7cbe47763e5bfa8457,security-requirements
10,1,joseph-technologies-library-batch-10-part-1.zip,joseph-technologies-library-batch-10-part-1/diagrams/secure-sdlc-companion.svg,secure-sdlc-companion.svg,.svg,1779,493,5a4cc34822c3122f8a3999e0c74f970f007ac8579ef8eb22b7b966c7d64bc23b,secure-sdlc-companion
10,1,joseph-technologies-library-batch-10-part-1.zip,joseph-technologies-library-batch-10-part-1/diagrams/devsecops-pipeline-planner.svg,devsecops-pipeline-planner.svg,.svg,1796,504,f26824e1bf7eb8b80e15246d4edfa6b50ded85fa25ed1a667237e8e868d026c5,devsecops-pipeline-planner
10,1,joseph-technologies-library-batch-10-part-1.zip,joseph-technologies-library-batch-10-part-1/diagrams/security-requirements-workbook.svg,security-requirements-workbook.svg,.svg,1798,510,83abf3230e474add297ba13fb1b569414ba66a91377c8ed73decfc1dfe06e0df,security-requirements
10,1,joseph-technologies-library-batch-10-part-1.zip,joseph-technologies-library-batch-10-part-1/metadata/secure-sdlc-companion.json,secure-sdlc-companion.json,.json,543,299,874828dea5ef64a3fc73185a79a3e327ebafe9bc7863e70cda731363a5959e40,secure-sdlc-companion
10,1,joseph-technologies-library-batch-10-part-1.zip,joseph-technologies-library-batch-10-part-1/metadata/devsecops-pipeline-planner.json,devsecops-pipeline-planner.json,.json,565,309,dac78270de111909d646cb2a086eaeb9fc5974d80e1e995c1569b755b47fb16f,devsecops-pipeline-planner
10,1,joseph-technologies-library-batch-10-part-1.zip,joseph-technologies-library-batch-10-part-1/metadata/security-requirements-workbook.json,security-requirements-workbook.json,.json,565,280,d9834f9ccf9e869498a81ed2b68ac34ef5bc111d8194ae8b32d6a45b5e0cf06c,security-requirements
10,1,joseph-technologies-library-batch-10-part-1.zip,joseph-technologies-library-batch-10-part-1/metadata/manifest.json,manifest.json,.json,1771,538,1f7bd7529672fc86a40a597b07a133bc07faabf513671da71743b9cd6d80749b,
10,1,joseph-technologies-library-batch-10-part-1.zip,joseph-technologies-library-batch-10-part-1/docs/README.md,README.md,.md,223,173,c7238e18efb5d2d447feacce71d46fbfa8a866741a24f37fe8ff54d0a86238a0,
10,1,joseph-technologies-library-batch-10-part-1.zip,joseph-technologies-library-batch-10-part-1/docs/CHANGELOG.md,CHANGELOG.md,.md,70,71,cbbe0f12affcb7ce3d5f81cd7efb441017f1a8241889bf5a8d2fc763e0e57ab4,
10,2,joseph-technologies-library-batch-10-part-2.zip,joseph-technologies-library-batch-10-part-2/workbooks/threat-modeling-designer.xlsx,threat-modeling-designer.xlsx,.xlsx,25632,20265,35ebe21b41367252e8923aac174324c71f219dc4559a73359e221c91acb94a53,threat-modeling-designer
10,2,joseph-technologies-library-batch-10-part-2.zip,joseph-technologies-library-batch-10-part-2/workbooks/security-testing-planner.xlsx,security-testing-planner.xlsx,.xlsx,25648,19720,2b14d1a48cc87bcd034f0427cc0a61c693ad1a71cd7ed19c2edada18bb8e18e6,security-testing-planner
10,2,joseph-technologies-library-batch-10-part-2.zip,joseph-technologies-library-batch-10-part-2/pdfs/threat-modeling-designer.pdf,threat-modeling-designer.pdf,.pdf,2414,1545,5c370bc3a8a533e9227d0e0865867247920eba13cc1524ca3a461e68293fb4b1,threat-modeling-designer
10,2,joseph-technologies-library-batch-10-part-2.zip,joseph-technologies-library-batch-10-part-2/pdfs/security-testing-planner.pdf,security-testing-planner.pdf,.pdf,2401,1533,d1b0bfb941459b75f0bd4c9e8226e044347b6bd537d050406fde489dac5db45a,security-testing-planner
10,2,joseph-technologies-library-batch-10-part-2.zip,joseph-technologies-library-batch-10-part-2/diagrams/threat-modeling-designer.svg,threat-modeling-designer.svg,.svg,1780,502,d67873784e44f3e334de825673b0d33c52b1950db04c9d1e356381af86f26e1b,threat-modeling-designer
10,2,joseph-technologies-library-batch-10-part-2.zip,joseph-technologies-library-batch-10-part-2/diagrams/security-testing-planner.svg,security-testing-planner.svg,.svg,1773,493,174a86339e4c1b010a9e114f577dc4e73b1a3c31aae4cc832cb1807a6e7d5447,security-testing-planner
10,2,joseph-technologies-library-batch-10-part-2.zip,joseph-technologies-library-batch-10-part-2/metadata/threat-modeling-designer.json,threat-modeling-designer.json,.json,554,304,bcb58577bbe2696c58b955f09044df8a4abc658ffd1bf11b2e9c4b6768faf8ef,threat-modeling-designer
10,2,joseph-technologies-library-batch-10-part-2.zip,joseph-technologies-library-batch-10-part-2/metadata/security-testing-planner.json,security-testing-planner.json,.json,552,293,2bb6bf986945c42146d599940214d1948b5f6a9a8bc05bff2b257210f9870230,security-testing-planner
10,2,joseph-technologies-library-batch-10-part-2.zip,joseph-technologies-library-batch-10-part-2/metadata/manifest.json,manifest.json,.json,1172,425,1e062278dc3061da333ef8424aa32d7d2726a97e80daf68145eab9eebb1b5286,
10,2,joseph-technologies-library-batch-10-part-2.zip,joseph-technologies-library-batch-10-part-2/docs/README.md,README.md,.md,223,173,59a4148d90e490105fbcc81819c5ebdca294dccf3f490a37348c44dd388f2570,
10,2,joseph-technologies-library-batch-10-part-2.zip,joseph-technologies-library-batch-10-part-2/docs/CHANGELOG.md,CHANGELOG.md,.md,70,72,cf9f3274c950f979339fbdf57916d7b44e35d05ccb9a48c669846c4282d3fe26,
11,1,joseph-technologies-library-batch-11-part-1.zip,joseph-technologies-library-batch-11-part-1/workbooks/soc-operations-manual.xlsx,soc-operations-manual.xlsx,.xlsx,21454,17347,d0caaf69c4e898fea28d126966cff20884355b129380f1ba299d68c9255d6281,soc-operations-manual
11,1,joseph-technologies-library-batch-11-part-1.zip,joseph-technologies-library-batch-11-part-1/workbooks/incident-response-playbook-builder.xlsx,incident-response-playbook-builder.xlsx,.xlsx,31683,23541,7c54491de3057b51709b32a0feace1c1440c15dbaffee353f09b34dc93c470da,incident-response-playbook-builder
11,1,joseph-technologies-library-batch-11-part-1.zip,joseph-technologies-library-batch-11-part-1/workbooks/digital-forensics-investigation-workbook.xlsx,digital-forensics-investigation-workbook.xlsx,.xlsx,34957,25961,a6d2d1453ec8a36d2215d09a3f6cb04d4d9c6e655cc84368038f60e54d4995ad,digital-forensics-investigation
11,1,joseph-technologies-library-batch-11-part-1.zip,joseph-technologies-library-batch-11-part-1/pdfs/soc-operations-manual.pdf,soc-operations-manual.pdf,.pdf,2426,1555,b8ba3a4dff8107499e0eccf4523003efd74d44be7c0b08a97eebfd698389c23d,soc-operations-manual
11,1,joseph-technologies-library-batch-11-part-1.zip,joseph-technologies-library-batch-11-part-1/pdfs/incident-response-playbook-builder.pdf,incident-response-playbook-builder.pdf,.pdf,2491,1613,d4eaa9dea6c44852f9cd983ced598ab30a126364654b1130464f57e0c167492d,incident-response-playbook-builder
11,1,joseph-technologies-library-batch-11-part-1.zip,joseph-technologies-library-batch-11-part-1/pdfs/digital-forensics-investigation-workbook.pdf,digital-forensics-investigation-workbook.pdf,.pdf,2523,1637,1a3b299323053785852cd601f1768f6b686eec726b81c74ee923a2dc28388535,digital-forensics-investigation
11,1,joseph-technologies-library-batch-11-part-1.zip,joseph-technologies-library-batch-11-part-1/diagrams/soc-operations-manual.svg,soc-operations-manual.svg,.svg,1810,513,f8e2aece5f514783bc98d0ff02f403b8a3046787c115052bba954b724a63e3dc,soc-operations-manual
11,1,joseph-technologies-library-batch-11-part-1.zip,joseph-technologies-library-batch-11-part-1/diagrams/incident-response-playbook-builder.svg,incident-response-playbook-builder.svg,.svg,1799,504,8dd609ae7b8504ccda973714071424dee6e641d77ae06ced4bfd23948b39a0c7,incident-response-playbook-builder
11,1,joseph-technologies-library-batch-11-part-1.zip,joseph-technologies-library-batch-11-part-1/diagrams/digital-forensics-investigation-workbook.svg,digital-forensics-investigation-workbook.svg,.svg,1809,520,bb7a0828433a5e07f1dc136024306c892faec67b3063e5e9dc3aa452862ea6d3,digital-forensics-investigation
11,1,joseph-technologies-library-batch-11-part-1.zip,joseph-technologies-library-batch-11-part-1/metadata/soc-operations-manual.json,soc-operations-manual.json,.json,550,298,d0be0986c07b17db0b7ec98828497400f2d6379e76a0be020a650f5adaaff4bd,soc-operations-manual
11,1,joseph-technologies-library-batch-11-part-1.zip,joseph-technologies-library-batch-11-part-1/metadata/incident-response-playbook-builder.json,incident-response-playbook-builder.json,.json,592,295,a666007cff368287ed746e91f35292d18232dc77bae05c5277b0b7c8dfc3ddcd,incident-response-playbook-builder
11,1,joseph-technologies-library-batch-11-part-1.zip,joseph-technologies-library-batch-11-part-1/metadata/digital-forensics-investigation-workbook.json,digital-forensics-investigation-workbook.json,.json,636,314,57474118f603d8741080573f971125db4abc06276e55c3713d8c5a77f90be8d0,digital-forensics-investigation
11,1,joseph-technologies-library-batch-11-part-1.zip,joseph-technologies-library-batch-11-part-1/metadata/manifest.json,manifest.json,.json,1876,545,b7b8bece98c7eab65df93d0ce1f437dad99a8a07fa6cb3531801ad361af336aa,
11,1,joseph-technologies-library-batch-11-part-1.zip,joseph-technologies-library-batch-11-part-1/docs/README.md,README.md,.md,147,120,c67580c03f5f259ee11bb4f965da347d9ce88de712163fcfc150bab30b78ebbf,
11,1,joseph-technologies-library-batch-11-part-1.zip,joseph-technologies-library-batch-11-part-1/docs/CHANGELOG.md,CHANGELOG.md,.md,70,71,ca437618bce0de56e6d7f2cd277502c5f94f32c3cad4575845c1a11d61c8c026,
11,2,joseph-technologies-library-batch-11-part-2.zip,joseph-technologies-library-batch-11-part-2/workbooks/threat-intelligence-management-toolkit.xlsx,threat-intelligence-management-toolkit.xlsx,.xlsx,31352,24089,b156def90248255c1f76f70097c0073cf33a22239c9250f580ce94e40da4ee06,threat-intelligence-management-toolkit
11,2,joseph-technologies-library-batch-11-part-2.zip,joseph-technologies-library-batch-11-part-2/workbooks/detection-engineering-planner.xlsx,detection-engineering-planner.xlsx,.xlsx,35071,27074,e8533f41eacbcdc6c22dacaf0f3bcf92626a44034024f37f8f58e7fb47b07e58,detection-engineering-planner
11,2,joseph-technologies-library-batch-11-part-2.zip,joseph-technologies-library-batch-11-part-2/pdfs/threat-intelligence-management-toolkit.pdf,threat-intelligence-management-toolkit.pdf,.pdf,2523,1640,71d54042e12088085e9288e9f4ef3c630285cfd068f0aafd971558a44746b120,threat-intelligence-management-toolkit
11,2,joseph-technologies-library-batch-11-part-2.zip,joseph-technologies-library-batch-11-part-2/pdfs/detection-engineering-planner.pdf,detection-engineering-planner.pdf,.pdf,2509,1625,d6027c0687cbdc0eb97d955b492b93f3b306cdc37d5006ac89ec48ee6c9f0fdc,detection-engineering-planner
11,2,joseph-technologies-library-batch-11-part-2.zip,joseph-technologies-library-batch-11-part-2/diagrams/threat-intelligence-management-toolkit.svg,threat-intelligence-management-toolkit.svg,.svg,1812,520,7c8c17c04f06afc7b617cec9b853d1040ea4adbcfe4f97ade183fcdf1c408944,threat-intelligence-management-toolkit
11,2,joseph-technologies-library-batch-11-part-2.zip,joseph-technologies-library-batch-11-part-2/diagrams/detection-engineering-planner.svg,detection-engineering-planner.svg,.svg,1797,500,2e1ce39ebf4e90c1a0bae0884a35d95f90f1b23f8aaa254bb9f7d0bfdcb52652,detection-engineering-planner
11,2,joseph-technologies-library-batch-11-part-2.zip,joseph-technologies-library-batch-11-part-2/metadata/threat-intelligence-management-toolkit.json,threat-intelligence-management-toolkit.json,.json,624,318,c625394c0bd22a63f72fee60fab9ab301490d61daaf0a098ba9c6e77d4e209e5,threat-intelligence-management-toolkit
11,2,joseph-technologies-library-batch-11-part-2.zip,joseph-technologies-library-batch-11-part-2/metadata/detection-engineering-planner.json,detection-engineering-planner.json,.json,580,308,15101f1e0e7f2746fb61689056dbda160f3649287c9ac6d64b521eec7edb36c8,detection-engineering-planner
11,2,joseph-technologies-library-batch-11-part-2.zip,joseph-technologies-library-batch-11-part-2/metadata/manifest.json,manifest.json,.json,1270,450,f4b83305035dcae61ebf61dc6a6930d3f18cc1d1b026c020431f87c558efcac2,
11,2,joseph-technologies-library-batch-11-part-2.zip,joseph-technologies-library-batch-11-part-2/docs/README.md,README.md,.md,147,120,375e11d3ada92e465b516e6e91929199cc749e6bd6950aac8dd444c30d08a229,
11,2,joseph-technologies-library-batch-11-part-2.zip,joseph-technologies-library-batch-11-part-2/docs/CHANGELOG.md,CHANGELOG.md,.md,70,72,8a35aa2df5a6b56d184c1946403f487598429bb0185a0042d07aa8068b676b61,
12,,joseph-technologies-library-batch-12-master-release.zip,joseph-technologies-library-batch-12-master-release/metadata/master-manifest.json,master-manifest.json,.json,18684,1832,ca07e6234a8bde44c65c4ed76987a26458ef1bd2ae2024824f51936a68ccb71f,master-manifest
12,,joseph-technologies-library-batch-12-master-release.zip,joseph-technologies-library-batch-12-master-release/metadata/search-index.json,search-index.json,.json,8771,1222,822f8ff8fff31b1b7c62d9a4877ab81399ff743089f0fc2c072123429c72cf84,search-index
12,,joseph-technologies-library-batch-12-master-release.zip,joseph-technologies-library-batch-12-master-release/metadata/SHA256SUMS.txt,SHA256SUMS.txt,.txt,1026,425,41c3f213115ada73286ed67d5e879aa88705cccaa1ac3a29363ca2fb32dbad94,sha256sums
12,,joseph-technologies-library-batch-12-master-release.zip,joseph-technologies-library-batch-12-master-release/docs/MASTER-README.md,MASTER-README.md,.md,1638,684,875c6b7c072a711d9f8a5bc9e778921289d73afe2d971aa7e24b66391c6f0c6b,master-readme
12,,joseph-technologies-library-batch-12-master-release.zip,joseph-technologies-library-batch-12-master-release/docs/LICENSE-NOTICE.md,LICENSE-NOTICE.md,.md,225,154,fa466c06f386c761cb366b455c5ebc86ad1938e502ab52e6bb5224b483a7a375,license-notice
12,1,joseph-technologies-library-batch-12-part-1.zip,joseph-technologies-library-batch-12-part-1/workbooks/enterprise-security-architecture-planner.xlsx,enterprise-security-architecture-planner.xlsx,.xlsx,16691,13704,8a8bfcac2469db65629c941653932e7671e833a2f8108317b366d6b1306bb5b9,enterprise-security-architecture-planner
12,1,joseph-technologies-library-batch-12-part-1.zip,joseph-technologies-library-batch-12-part-1/workbooks/trust-zone-designer.xlsx,trust-zone-designer.xlsx,.xlsx,16621,13870,bc15f8f1c62f0703ee24fea7dc879c28892ef57b2ca9e349390d1b89db678ac7,trust-zone-designer
12,1,joseph-technologies-library-batch-12-part-1.zip,joseph-technologies-library-batch-12-part-1/workbooks/network-application-architecture-workbook.xlsx,network-application-architecture-workbook.xlsx,.xlsx,16775,13769,56541091d36bf7d54c9051672bd2da71854cc4c5385584c7928f65e02b1f7e05,network-application-architecture
12,1,joseph-technologies-library-batch-12-part-1.zip,joseph-technologies-library-batch-12-part-1/workbooks/reference-architecture-library.xlsx,reference-architecture-library.xlsx,.xlsx,16698,13674,8d3ef7bb1f0474c5fdb11bedd6430a21c44ab35915560c1877d87f3b058d484e,reference-architecture-library
12,1,joseph-technologies-library-batch-12-part-1.zip,joseph-technologies-library-batch-12-part-1/workbooks/data-flow-catalog.xlsx,data-flow-catalog.xlsx,.xlsx,16605,13703,dc216a6266a87567617bf361d50c077d3e02dd55a939f804ea82586f9351d34a,data-flow-catalog
12,1,joseph-technologies-library-batch-12-part-1.zip,joseph-technologies-library-batch-12-part-1/pdfs/enterprise-security-architecture-planner.pdf,enterprise-security-architecture-planner.pdf,.pdf,1997,1193,bf9a537ea0280e503ebb118d5a62c17c33110441254e5745bd239802959c62ae,enterprise-security-architecture-planner
12,1,joseph-technologies-library-batch-12-part-1.zip,joseph-technologies-library-batch-12-part-1/pdfs/trust-zone-designer.pdf,trust-zone-designer.pdf,.pdf,2005,1202,bd2989e40ed20139195153a6b74269f607b6ae00674a152f6c26a9458fa0e142,trust-zone-designer
12,1,joseph-technologies-library-batch-12-part-1.zip,joseph-technologies-library-batch-12-part-1/pdfs/network-application-architecture-workbook.pdf,network-application-architecture-workbook.pdf,.pdf,2015,1209,e9d9c41f56a53e76a5a930513d737b73a6971944481dfca13432382678fb2b24,network-application-architecture
12,1,joseph-technologies-library-batch-12-part-1.zip,joseph-technologies-library-batch-12-part-1/pdfs/reference-architecture-library.pdf,reference-architecture-library.pdf,.pdf,2013,1210,ae11c8e78c619ea1c9a20d560ce87923f7725374e36c673bce56cadffd3ad644,reference-architecture-library
12,1,joseph-technologies-library-batch-12-part-1.zip,joseph-technologies-library-batch-12-part-1/pdfs/data-flow-catalog.pdf,data-flow-catalog.pdf,.pdf,1998,1199,912ce8e78408dc9420459a179f5bb733afe5535a705370d50680d759bcbef7bc,data-flow-catalog
12,1,joseph-technologies-library-batch-12-part-1.zip,joseph-technologies-library-batch-12-part-1/diagrams/enterprise-security-architecture-planner.svg,enterprise-security-architecture-planner.svg,.svg,1042,327,438e838d84673c59a4590ed2d0eed75693ce700adfc1a01e5bc218686faa059c,enterprise-security-architecture-planner
12,1,joseph-technologies-library-batch-12-part-1.zip,joseph-technologies-library-batch-12-part-1/diagrams/trust-zone-designer.svg,trust-zone-designer.svg,.svg,1017,333,b5915c3f54955c2d929c9fb0e89057e2cac442bf3e8a205fd1cfdba18d031329,trust-zone-designer
12,1,joseph-technologies-library-batch-12-part-1.zip,joseph-technologies-library-batch-12-part-1/diagrams/network-application-architecture-workbook.svg,network-application-architecture-workbook.svg,.svg,1051,349,c519bde35f2a3ac46eb5245672eef5e9728c045865e27ad67b4777d9592be603,network-application-architecture
12,1,joseph-technologies-library-batch-12-part-1.zip,joseph-technologies-library-batch-12-part-1/diagrams/reference-architecture-library.svg,reference-architecture-library.svg,.svg,1037,343,0fa0ce6fdbb7093d85b83bf53a8ce00f774520bd102de523e494b832982fe951,reference-architecture-library
12,1,joseph-technologies-library-batch-12-part-1.zip,joseph-technologies-library-batch-12-part-1/diagrams/data-flow-catalog.svg,data-flow-catalog.svg,.svg,1019,326,ba684de934430518ffeaa369bd2229b5211e48806e9951a535f449a4bca31c1a,data-flow-catalog
12,1,joseph-technologies-library-batch-12-part-1.zip,joseph-technologies-library-batch-12-part-1/metadata/enterprise-security-architecture-planner.json,enterprise-security-architecture-planner.json,.json,464,206,5938b6bdb5c336393df14266dacd602794814962d5fc05f257cb8faf7b53dcae,enterprise-security-architecture-planner
12,1,joseph-technologies-library-batch-12-part-1.zip,joseph-technologies-library-batch-12-part-1/metadata/trust-zone-designer.json,trust-zone-designer.json,.json,359,198,92e5ccb863386051c079ca20f2d6946834a52d38d1cd74d8f65efcd59c21345d,trust-zone-designer
12,1,joseph-technologies-library-batch-12-part-1.zip,joseph-technologies-library-batch-12-part-1/metadata/network-application-architecture-workbook.json,network-application-architecture-workbook.json,.json,471,210,e4342282a744f9f72cc336d1f4a8f6e7c0fc3946c17704140733843370f9eefd,network-application-architecture
12,1,joseph-technologies-library-batch-12-part-1.zip,joseph-technologies-library-batch-12-part-1/metadata/reference-architecture-library.json,reference-architecture-library.json,.json,414,203,50d8393e2c1d01f89a38413517625aa6e7a94d54d28a4830253ffdbf6d1e191f,reference-architecture-library
12,1,joseph-technologies-library-batch-12-part-1.zip,joseph-technologies-library-batch-12-part-1/metadata/data-flow-catalog.json,data-flow-catalog.json,.json,349,193,20f99fc571df532eccdbd067bb015c84dccb03e6476b3e63126a934f0cf9fc9a,data-flow-catalog
12,1,joseph-technologies-library-batch-12-part-1.zip,joseph-technologies-library-batch-12-part-1/metadata/manifest.json,manifest.json,.json,2219,391,efa01c65a279e1f4d3b32bcdcb2bf78ec3daea96b2e9423d88358d96cdc3f235,
12,1,joseph-technologies-library-batch-12-part-1.zip,joseph-technologies-library-batch-12-part-1/docs/README.md,README.md,.md,113,100,c4aab99f6d0e2ab464f78804bb3c87893c2d71c64168c8c71fc04bb547ab3271,
12,1,joseph-technologies-library-batch-12-part-1.zip,joseph-technologies-library-batch-12-part-1/docs/CHANGELOG.md,CHANGELOG.md,.md,54,56,85052c4c51a489893632e26c253799d912126220017ee4c97705600cf98ed9c5,
12,2,joseph-technologies-library-batch-12-part-2.zip,joseph-technologies-library-batch-12-part-2/workbooks/cybersecurity-governance-toolkit.xlsx,cybersecurity-governance-toolkit.xlsx,.xlsx,16654,13838,9384d6d2f177fc55b68e74c78643af38e16a361137622e5c4046fdd2a511da70,cybersecurity-governance-toolkit
12,2,joseph-technologies-library-batch-12-part-2.zip,joseph-technologies-library-batch-12-part-2/workbooks/policy-management-suite.xlsx,policy-management-suite.xlsx,.xlsx,16629,13692,9bea0e5f86630abb483ca61cdc8be4def50376a3564e2f1b518e31a1231b1112,policy-management-suite
12,2,joseph-technologies-library-batch-12-part-2.zip,joseph-technologies-library-batch-12-part-2/workbooks/standard-baseline-manager.xlsx,standard-baseline-manager.xlsx,.xlsx,16660,13445,c606d4d0a5fb5bd8f3cb1d9e2e87acd2fee6ea30bc4282182fcd154e48650eec,standard-baseline-manager
12,2,joseph-technologies-library-batch-12-part-2.zip,joseph-technologies-library-batch-12-part-2/workbooks/security-exception-register.xlsx,security-exception-register.xlsx,.xlsx,16638,13712,a6a85546cf7011e7e538ee617c54fdd52379aa8f4189352649c50d9a182dce41,security-exception-register
12,2,joseph-technologies-library-batch-12-part-2.zip,joseph-technologies-library-batch-12-part-2/workbooks/security-committee-planner.xlsx,security-committee-planner.xlsx,.xlsx,16607,13675,5c40ff9dbabc8a3871eb8c554b5f7a7eeed21fc595dc4c8f4bfc4240e14a3356,security-committee-planner
12,2,joseph-technologies-library-batch-12-part-2.zip,joseph-technologies-library-batch-12-part-2/pdfs/cybersecurity-governance-toolkit.pdf,cybersecurity-governance-toolkit.pdf,.pdf,1993,1192,7cd70f68e91cf917bb52f274609df06767880557268ed2aee36099463c646972,cybersecurity-governance-toolkit
12,2,joseph-technologies-library-batch-12-part-2.zip,joseph-technologies-library-batch-12-part-2/pdfs/policy-management-suite.pdf,policy-management-suite.pdf,.pdf,1993,1190,383bad36bae7dce83dd86116c6e262f3b42879ad8074bf860c967fd3bb343f67,policy-management-suite
12,2,joseph-technologies-library-batch-12-part-2.zip,joseph-technologies-library-batch-12-part-2/pdfs/standard-baseline-manager.pdf,standard-baseline-manager.pdf,.pdf,1992,1188,9c8dce88471e5577e6fb23e14cf2844c6a97d551cad2a9786091ef6f9d9a8568,standard-baseline-manager
12,2,joseph-technologies-library-batch-12-part-2.zip,joseph-technologies-library-batch-12-part-2/pdfs/security-exception-register.pdf,security-exception-register.pdf,.pdf,1994,1194,29081bc998a32e32686026806d6083e64954bcba40ddfb4a34e7ef1fe6ba83ed,security-exception-register
12,2,joseph-technologies-library-batch-12-part-2.zip,joseph-technologies-library-batch-12-part-2/pdfs/security-committee-planner.pdf,security-committee-planner.pdf,.pdf,1995,1193,f9af971bdbede489d7d454378cb8af13cc8542cc8c1e0ef6fc2511f9ac1307ff,security-committee-planner
12,2,joseph-technologies-library-batch-12-part-2.zip,joseph-technologies-library-batch-12-part-2/diagrams/cybersecurity-governance-toolkit.svg,cybersecurity-governance-toolkit.svg,.svg,1029,324,6e36c1254590700857361bba94a7ae46821777f46427cc0b8085c80e1d03200e,cybersecurity-governance-toolkit
12,2,joseph-technologies-library-batch-12-part-2.zip,joseph-technologies-library-batch-12-part-2/diagrams/policy-management-suite.svg,policy-management-suite.svg,.svg,1013,327,ce2b59344cef2460fda6ea0bdeee224106de94bb6cae71b0faa29be7acc2463c,policy-management-suite
12,2,joseph-technologies-library-batch-12-part-2.zip,joseph-technologies-library-batch-12-part-2/diagrams/standard-baseline-manager.svg,standard-baseline-manager.svg,.svg,1020,330,fe7c93ec763ea70593ef352aa18ebdd2842fc50999d9e5c756db663c7983ec72,standard-baseline-manager
12,2,joseph-technologies-library-batch-12-part-2.zip,joseph-technologies-library-batch-12-part-2/diagrams/security-exception-register.svg,security-exception-register.svg,.svg,1022,324,5ab5ec4fc6522ceacde9222d238631bc0041cd54f7d00305e5f72f48d2a0130f,security-exception-register
12,2,joseph-technologies-library-batch-12-part-2.zip,joseph-technologies-library-batch-12-part-2/diagrams/security-committee-planner.svg,security-committee-planner.svg,.svg,1014,328,9f85a98ed96c4d82b2794d0780bfbf2c08264f5756fd78332a5215c37dc18ee3,security-committee-planner
12,2,joseph-technologies-library-batch-12-part-2.zip,joseph-technologies-library-batch-12-part-2/metadata/cybersecurity-governance-toolkit.json,cybersecurity-governance-toolkit.json,.json,411,193,7f79860956bb3c188fb2e3cbaaea1cfef961c06f1fc2ed5e406d70ee42bd58f1,cybersecurity-governance-toolkit
12,2,joseph-technologies-library-batch-12-part-2.zip,joseph-technologies-library-batch-12-part-2/metadata/policy-management-suite.json,policy-management-suite.json,.json,366,190,af7ab9c2347c5aeb14b7f8bec49322ef588a63f38f088f75a8db6e4da02882d2,policy-management-suite
12,2,joseph-technologies-library-batch-12-part-2.zip,joseph-technologies-library-batch-12-part-2/metadata/standard-baseline-manager.json,standard-baseline-manager.json,.json,378,194,d3468c516cd47eb8812710ad1371ac10bfd5af1bf6da76cc367529c0ba8b0d95,standard-baseline-manager
12,2,joseph-technologies-library-batch-12-part-2.zip,joseph-technologies-library-batch-12-part-2/metadata/security-exception-register.json,security-exception-register.json,.json,386,192,8e466a6a7c73953103440cd5760e0b069c53846eda4ac950248807ae8cae0e2c,security-exception-register
12,2,joseph-technologies-library-batch-12-part-2.zip,joseph-technologies-library-batch-12-part-2/metadata/security-committee-planner.json,security-committee-planner.json,.json,381,193,7f9794acd7210a2df60868118f0668269353ca16c98b9228bfe3bbf52178577e,security-committee-planner
12,2,joseph-technologies-library-batch-12-part-2.zip,joseph-technologies-library-batch-12-part-2/metadata/manifest.json,manifest.json,.json,2084,374,613c31314f43704d39432e457e3190129e6744d41df2ccea1f1236975da5279f,
12,2,joseph-technologies-library-batch-12-part-2.zip,joseph-technologies-library-batch-12-part-2/docs/README.md,README.md,.md,100,93,86d5b1724dd8e889f76ffeab40de21fbb392d54202938224c3aab3bb8633a99f,
12,2,joseph-technologies-library-batch-12-part-2.zip,joseph-technologies-library-batch-12-part-2/docs/CHANGELOG.md,CHANGELOG.md,.md,54,56,85052c4c51a489893632e26c253799d912126220017ee4c97705600cf98ed9c5,
12,3,joseph-technologies-library-batch-12-part-3.zip,joseph-technologies-library-batch-12-part-3/workbooks/executive-risk-dashboard.xlsx,executive-risk-dashboard.xlsx,.xlsx,16617,13619,1b0da5a82a0a5399cc18e2e44abea4d635f971e6dd846b60f431c4bff9769fa0,executive-risk-dashboard
12,3,joseph-technologies-library-batch-12-part-3.zip,joseph-technologies-library-batch-12-part-3/workbooks/risk-appetite-workbook.xlsx,risk-appetite-workbook.xlsx,.xlsx,16652,13829,b502a6a34b863ca78d859c4db9ed4fa1dc20c2f08dc932a3b2bb3fcbb4d6423d,risk-appetite
12,3,joseph-technologies-library-batch-12-part-3.zip,joseph-technologies-library-batch-12-part-3/workbooks/kpi-kri-tracker.xlsx,kpi-kri-tracker.xlsx,.xlsx,16650,13797,40aacde8706871bb7abd68bb8fae3fdca12bd6d2ff8500dd99950596415d441e,kpi-kri-tracker
12,3,joseph-technologies-library-batch-12-part-3.zip,joseph-technologies-library-batch-12-part-3/workbooks/enterprise-risk-register.xlsx,enterprise-risk-register.xlsx,.xlsx,16620,13682,4b602fe4a6a624b92ef52268756827273dff5ac6f88690bf9c306f762f8d16d1,enterprise-risk-register
12,3,joseph-technologies-library-batch-12-part-3.zip,joseph-technologies-library-batch-12-part-3/workbooks/heatmaps-board-reporting.xlsx,heatmaps-board-reporting.xlsx,.xlsx,16648,13390,4450c90d64cfb13776f4fc2e721df64ed7dff2041e263211221df47224b1505a,heatmaps-board-reporting
12,3,joseph-technologies-library-batch-12-part-3.zip,joseph-technologies-library-batch-12-part-3/pdfs/executive-risk-dashboard.pdf,executive-risk-dashboard.pdf,.pdf,1978,1180,bdba825acff9be9ec098520ddc1c58e2cf85ba2ea8e65b625cbfd0d9a248df90,executive-risk-dashboard
12,3,joseph-technologies-library-batch-12-part-3.zip,joseph-technologies-library-batch-12-part-3/pdfs/risk-appetite-workbook.pdf,risk-appetite-workbook.pdf,.pdf,2005,1201,f083c3738adc5ed7123a45439903397875f97df34a6aace3728dc1548d17d2d0,risk-appetite
12,3,joseph-technologies-library-batch-12-part-3.zip,joseph-technologies-library-batch-12-part-3/pdfs/kpi-kri-tracker.pdf,kpi-kri-tracker.pdf,.pdf,2002,1196,9d06e0ae90667edc40d888fd55be5b6f7a2aeba273b994201c652b45c0ed015d,kpi-kri-tracker
12,3,joseph-technologies-library-batch-12-part-3.zip,joseph-technologies-library-batch-12-part-3/pdfs/enterprise-risk-register.pdf,enterprise-risk-register.pdf,.pdf,1979,1180,a7c94a67ea6dc0501b61f437433cf0f670071641da9f84c327f76cdc1a691df2,enterprise-risk-register
12,3,joseph-technologies-library-batch-12-part-3.zip,joseph-technologies-library-batch-12-part-3/pdfs/heatmaps-board-reporting.pdf,heatmaps-board-reporting.pdf,.pdf,1988,1185,5f76be15d0ef98e4ac4b8dc7dcc62184f0ad0a70a700fc8f02f299a12991a126,heatmaps-board-reporting
12,3,joseph-technologies-library-batch-12-part-3.zip,joseph-technologies-library-batch-12-part-3/diagrams/executive-risk-dashboard.svg,executive-risk-dashboard.svg,.svg,1017,317,fb1d0e500beeb63d6f87089bd6c12b74f19afb35b5542de228b03c1463d8e2f1,executive-risk-dashboard
12,3,joseph-technologies-library-batch-12-part-3.zip,joseph-technologies-library-batch-12-part-3/diagrams/risk-appetite-workbook.svg,risk-appetite-workbook.svg,.svg,1026,335,6d1a87777065772b62331ca5d497d99d971eb232e7dbac3a7ab33db7da735844,risk-appetite
12,3,joseph-technologies-library-batch-12-part-3.zip,joseph-technologies-library-batch-12-part-3/diagrams/kpi-kri-tracker.svg,kpi-kri-tracker.svg,.svg,1017,337,820e97cf425276a842f0af5656b107d1dbeb4ba7a6bd12eb7f16d215466eb18b,kpi-kri-tracker
12,3,joseph-technologies-library-batch-12-part-3.zip,joseph-technologies-library-batch-12-part-3/diagrams/enterprise-risk-register.svg,enterprise-risk-register.svg,.svg,1015,314,70aa522a9850d79ef3887df9181392973f7c508586eb7710d2ced5730e1a1e96,enterprise-risk-register
12,3,joseph-technologies-library-batch-12-part-3.zip,joseph-technologies-library-batch-12-part-3/diagrams/heatmaps-board-reporting.svg,heatmaps-board-reporting.svg,.svg,1020,327,eb8102168ec6c7a8a5b5552092b1fcf4955a19a58261f354e1dce24338b71d1b,heatmaps-board-reporting
12,3,joseph-technologies-library-batch-12-part-3.zip,joseph-technologies-library-batch-12-part-3/metadata/executive-risk-dashboard.json,executive-risk-dashboard.json,.json,376,192,a69bbeba3990a58e34a25c24210f76bb4929acfae3edf3944f3a3bce43b0a569,executive-risk-dashboard
12,3,joseph-technologies-library-batch-12-part-3.zip,joseph-technologies-library-batch-12-part-3/metadata/risk-appetite-workbook.json,risk-appetite-workbook.json,.json,366,192,c64748ca16bb85e5aca2d08094610245baf99246002dedcccccdc29ddbe3443d,risk-appetite
12,3,joseph-technologies-library-batch-12-part-3.zip,joseph-technologies-library-batch-12-part-3/metadata/kpi-kri-tracker.json,kpi-kri-tracker.json,.json,333,194,764742e32e757e4e56420ec31981f8bc14dc9ab2ac140fa3a5b6e04b71a48e15,kpi-kri-tracker
12,3,joseph-technologies-library-batch-12-part-3.zip,joseph-technologies-library-batch-12-part-3/metadata/enterprise-risk-register.json,enterprise-risk-register.json,.json,376,186,02c35e253ee6797f2baa4fe5ab0bbdfea37cfb8ab0a3883d531e2becfdab39df,enterprise-risk-register
12,3,joseph-technologies-library-batch-12-part-3.zip,joseph-technologies-library-batch-12-part-3/metadata/heatmaps-board-reporting.json,heatmaps-board-reporting.json,.json,378,200,929efbbeba7f4f8d33526fa95c1c256e4a22d1f7724f59e23c2ac9554811505f,heatmaps-board-reporting
12,3,joseph-technologies-library-batch-12-part-3.zip,joseph-technologies-library-batch-12-part-3/metadata/manifest.json,manifest.json,.json,1991,370,77e999bf18fe74205cbebcae55686f935a8fe964f27240afb6ce19219ffecd17,
12,3,joseph-technologies-library-batch-12-part-3.zip,joseph-technologies-library-batch-12-part-3/docs/README.md,README.md,.md,105,95,b5162dedd7416e3568b0560884e51709461b3b1ab87900c54d117fb4ec601a64,
12,3,joseph-technologies-library-batch-12-part-3.zip,joseph-technologies-library-batch-12-part-3/docs/CHANGELOG.md,CHANGELOG.md,.md,54,56,85052c4c51a489893632e26c253799d912126220017ee4c97705600cf98ed9c5,
12,4,joseph-technologies-library-batch-12-part-4.zip,joseph-technologies-library-batch-12-part-4/workbooks/cybersecurity-program-roadmap.xlsx,cybersecurity-program-roadmap.xlsx,.xlsx,16639,13776,8a9b0a7ea86be75f9094a387ed0bc00a988188e925f4f83267738cd35398b524,cybersecurity-program-roadmap
12,4,joseph-technologies-library-batch-12-part-4.zip,joseph-technologies-library-batch-12-part-4/workbooks/cybersecurity-budget-planner.xlsx,cybersecurity-budget-planner.xlsx,.xlsx,16638,13742,1afa6dcb522c52ddfe6a4170c4b109deefbc048b338e24b2de2b46444a1495c0,cybersecurity-budget-planner
12,4,joseph-technologies-library-batch-12-part-4.zip,joseph-technologies-library-batch-12-part-4/workbooks/security-initiative-tracker.xlsx,security-initiative-tracker.xlsx,.xlsx,16607,13709,a1c09ff7c44e319e29f0d2e1851c4910a05652a1fe1e88e1c777202f5296f79e,security-initiative-tracker
12,4,joseph-technologies-library-batch-12-part-4.zip,joseph-technologies-library-batch-12-part-4/workbooks/security-resource-planner.xlsx,security-resource-planner.xlsx,.xlsx,16605,13583,07d8b57a909b52dd9601933c4860dd95d62b896efd3ccaa714b8bd64c78176c4,security-resource-planner
12,4,joseph-technologies-library-batch-12-part-4.zip,joseph-technologies-library-batch-12-part-4/workbooks/security-portfolio-dashboard.xlsx,security-portfolio-dashboard.xlsx,.xlsx,16666,13718,5058cab219f349702c5470d17eebf49c2e5609d59c82537e0d14d4f9d9633993,security-portfolio-dashboard
12,4,joseph-technologies-library-batch-12-part-4.zip,joseph-technologies-library-batch-12-part-4/pdfs/cybersecurity-program-roadmap.pdf,cybersecurity-program-roadmap.pdf,.pdf,2005,1206,a1530ae38b6225a0e643f55bdd3a7301e32fc765c981aeaaf1abf71f57dbadde,cybersecurity-program-roadmap
12,4,joseph-technologies-library-batch-12-part-4.zip,joseph-technologies-library-batch-12-part-4/pdfs/cybersecurity-budget-planner.pdf,cybersecurity-budget-planner.pdf,.pdf,1999,1195,c18c2402941b7ac251b1c4cda547855b715f9110367ac835977aea9c9902eec6,cybersecurity-budget-planner
12,4,joseph-technologies-library-batch-12-part-4.zip,joseph-technologies-library-batch-12-part-4/pdfs/security-initiative-tracker.pdf,security-initiative-tracker.pdf,.pdf,1997,1196,9fbacc3899e6e45c95fd6c3fd03f90b15fa3dbba6b9f3d3599a587bcc82cb7b5,security-initiative-tracker
12,4,joseph-technologies-library-batch-12-part-4.zip,joseph-technologies-library-batch-12-part-4/pdfs/security-resource-planner.pdf,security-resource-planner.pdf,.pdf,2003,1202,2e04167c5c7f72a08de944f20d8d84ade33e41a14e3bec56a3bf1a5053f74803,security-resource-planner
12,4,joseph-technologies-library-batch-12-part-4.zip,joseph-technologies-library-batch-12-part-4/pdfs/security-portfolio-dashboard.pdf,security-portfolio-dashboard.pdf,.pdf,2014,1210,715f777565d8d5e94ef0091dcaf679f7f703f5b71348b21f096a262a29466d05,security-portfolio-dashboard
12,4,joseph-technologies-library-batch-12-part-4.zip,joseph-technologies-library-batch-12-part-4/diagrams/cybersecurity-program-roadmap.svg,cybersecurity-program-roadmap.svg,.svg,1024,335,13504e6860cce279a5a0a035fd21f2ff446e9b65fb2ae8e69dac9c56fb231690,cybersecurity-program-roadmap
12,4,joseph-technologies-library-batch-12-part-4.zip,joseph-technologies-library-batch-12-part-4/diagrams/cybersecurity-budget-planner.svg,cybersecurity-budget-planner.svg,.svg,1017,331,39dda06b8e62d1c286c0bf087c82b8c8447bfdfb706961ce8a8f33d8c9b691fa,cybersecurity-budget-planner
12,4,joseph-technologies-library-batch-12-part-4.zip,joseph-technologies-library-batch-12-part-4/diagrams/security-initiative-tracker.svg,security-initiative-tracker.svg,.svg,1018,331,57c201bcdc9ba8aef480d43a1fcea6a29d08fd8516c27b46da862cd4586c52e8,security-initiative-tracker
12,4,joseph-technologies-library-batch-12-part-4.zip,joseph-technologies-library-batch-12-part-4/diagrams/security-resource-planner.svg,security-resource-planner.svg,.svg,1016,333,01861d2ce7c881883f69e09e7b6d189bd5e0a17d1220eb9c72159d67ea5de076,security-resource-planner
12,4,joseph-technologies-library-batch-12-part-4.zip,joseph-technologies-library-batch-12-part-4/diagrams/security-portfolio-dashboard.svg,security-portfolio-dashboard.svg,.svg,1034,343,a3f680de0c4cbed3f84d7e6e29b3c39ed249c336e476999f687b7364932a151d,security-portfolio-dashboard
12,4,joseph-technologies-library-batch-12-part-4.zip,joseph-technologies-library-batch-12-part-4/metadata/cybersecurity-program-roadmap.json,cybersecurity-program-roadmap.json,.json,404,201,7ee3811583f653d692e296055e63cb7c6f3ab4ca67e74df2fd38498182bfd213,cybersecurity-program-roadmap
12,4,joseph-technologies-library-batch-12-part-4.zip,joseph-technologies-library-batch-12-part-4/metadata/cybersecurity-budget-planner.json,cybersecurity-budget-planner.json,.json,399,204,01ad15938ab930d3186250d2707f3f9276812307e888d1ecedc83eb61db58ecb,cybersecurity-budget-planner
12,4,joseph-technologies-library-batch-12-part-4.zip,joseph-technologies-library-batch-12-part-4/metadata/security-initiative-tracker.json,security-initiative-tracker.json,.json,394,203,715639d010140d97862194c371f86d7bee2628652c7468c318ea55856ef8a928,security-initiative-tracker
12,4,joseph-technologies-library-batch-12-part-4.zip,joseph-technologies-library-batch-12-part-4/metadata/security-resource-planner.json,security-resource-planner.json,.json,384,198,94c9dd4a8e33ca203f7cf7bdbfa3987701f1bdd8aece2e146aa4a16657be205b,security-resource-planner
12,4,joseph-technologies-library-batch-12-part-4.zip,joseph-technologies-library-batch-12-part-4/metadata/security-portfolio-dashboard.json,security-portfolio-dashboard.json,.json,399,204,7c7bf278f950bb59c5064a6e10f41cce933aeb0834b6b15e23d3e19befb85236,security-portfolio-dashboard
12,4,joseph-technologies-library-batch-12-part-4.zip,joseph-technologies-library-batch-12-part-4/metadata/manifest.json,manifest.json,.json,2142,362,fb55c725116c6a3d21b594d0e9db5f6fcc4cd822d962eb929bd776693ccb5063,
12,4,joseph-technologies-library-batch-12-part-4.zip,joseph-technologies-library-batch-12-part-4/docs/README.md,README.md,.md,108,98,088f3c6961095c8c731632bb0c2980728db403b4957eb7a2d7781dbe57660ce5,
12,4,joseph-technologies-library-batch-12-part-4.zip,joseph-technologies-library-batch-12-part-4/docs/CHANGELOG.md,CHANGELOG.md,.md,54,56,85052c4c51a489893632e26c253799d912126220017ee4c97705600cf98ed9c5,
12,5,joseph-technologies-library-batch-12-part-5.zip,joseph-technologies-library-batch-12-part-5/workbooks/internal-audit-planner.xlsx,internal-audit-planner.xlsx,.xlsx,16579,13548,721b9174c2db2a890eb25ff3ffd12bf4ee9f0b8760c5b39460777bf87c1ddf15,internal-audit-planner
12,5,joseph-technologies-library-batch-12-part-5.zip,joseph-technologies-library-batch-12-part-5/workbooks/compliance-evidence-library.xlsx,compliance-evidence-library.xlsx,.xlsx,16606,13442,fc0114097a2752933d8628bb4de417b47d3b9f948b4d196fa8a93f8655339029,compliance-evidence-library
12,5,joseph-technologies-library-batch-12-part-5.zip,joseph-technologies-library-batch-12-part-5/workbooks/assessment-tracker.xlsx,assessment-tracker.xlsx,.xlsx,16545,13377,4c7c58cf6dc83a8fd47652cb80ddcf030f209540e2e88283157be6a56a7c005b,assessment-tracker
12,5,joseph-technologies-library-batch-12-part-5.zip,joseph-technologies-library-batch-12-part-5/workbooks/control-testing-workbook.xlsx,control-testing-workbook.xlsx,.xlsx,16642,13801,ce4c72098e1d490fe1a60cb647e523ec9945cf8588093710058e97531264f711,control-testing
12,5,joseph-technologies-library-batch-12-part-5.zip,joseph-technologies-library-batch-12-part-5/workbooks/continuous-compliance-dashboard.xlsx,continuous-compliance-dashboard.xlsx,.xlsx,16661,13848,604262955a5747dbc89ea183cd8ebb5526a044f981dc5ab693d079cde08e6674,continuous-compliance-dashboard
12,5,joseph-technologies-library-batch-12-part-5.zip,joseph-technologies-library-batch-12-part-5/pdfs/internal-audit-planner.pdf,internal-audit-planner.pdf,.pdf,1989,1187,5c7395ab207b3eb9463ca1732af2ac062fa388aa5296debdedb3433ab442ebdc,internal-audit-planner
12,5,joseph-technologies-library-batch-12-part-5.zip,joseph-technologies-library-batch-12-part-5/pdfs/compliance-evidence-library.pdf,compliance-evidence-library.pdf,.pdf,1994,1192,8e1c2367af8d7a13ce0b56108cbc20e0925101014d17433f3093beb72e3ab929,compliance-evidence-library
12,5,joseph-technologies-library-batch-12-part-5.zip,joseph-technologies-library-batch-12-part-5/pdfs/assessment-tracker.pdf,assessment-tracker.pdf,.pdf,1984,1185,9fe2d1c9b119f8e5b3b53ddba5c99aaa0b39ba6a1576b8633de95830aac19baf,assessment-tracker
12,5,joseph-technologies-library-batch-12-part-5.zip,joseph-technologies-library-batch-12-part-5/pdfs/control-testing-workbook.pdf,control-testing-workbook.pdf,.pdf,2000,1201,5473a9bdaf2c0e6b194940d8d910b4bc654867acacd30adfb183d147bf640594,control-testing
12,5,joseph-technologies-library-batch-12-part-5.zip,joseph-technologies-library-batch-12-part-5/pdfs/continuous-compliance-dashboard.pdf,continuous-compliance-dashboard.pdf,.pdf,1999,1200,14341349f46a8c5b02bac4cb4c9aa74b703a768a225ccd2a5bbcf5c22f3ae482,continuous-compliance-dashboard
12,5,joseph-technologies-library-batch-12-part-5.zip,joseph-technologies-library-batch-12-part-5/diagrams/internal-audit-planner.svg,internal-audit-planner.svg,.svg,1015,322,25cd42726a13864773cee89decf637bf0c6b876f1a0e36cb644200eec2d5f239,internal-audit-planner
12,5,joseph-technologies-library-batch-12-part-5.zip,joseph-technologies-library-batch-12-part-5/diagrams/compliance-evidence-library.svg,compliance-evidence-library.svg,.svg,1028,326,d57c6cbcd428082ccf3865b8122f3383e25a2ca81837d80ae3ed7156adecf7f9,compliance-evidence-library
12,5,joseph-technologies-library-batch-12-part-5.zip,joseph-technologies-library-batch-12-part-5/diagrams/assessment-tracker.svg,assessment-tracker.svg,.svg,1010,320,4ae31a9d2482b59ff56f90f6140b5fc1cb68aa6d86fc454c2e01c775a714c6b7,assessment-tracker
12,5,joseph-technologies-library-batch-12-part-5.zip,joseph-technologies-library-batch-12-part-5/diagrams/control-testing-workbook.svg,control-testing-workbook.svg,.svg,1022,330,798a82bf414dfecd883413472a3deb7ca2e769fbb6e507a3ddc230383cfc6acd,control-testing
12,5,joseph-technologies-library-batch-12-part-5.zip,joseph-technologies-library-batch-12-part-5/diagrams/continuous-compliance-dashboard.svg,continuous-compliance-dashboard.svg,.svg,1034,330,2b871ca6786e14b4be1d3ad4eb975161bebf23d82dca2386688dadb70ae70cb4,continuous-compliance-dashboard
12,5,joseph-technologies-library-batch-12-part-5.zip,joseph-technologies-library-batch-12-part-5/metadata/internal-audit-planner.json,internal-audit-planner.json,.json,371,197,a7bd0db39ef43e461975007a57bede7cf2926972cc3a683d5a6cd8e0c7930c57,internal-audit-planner
12,5,joseph-technologies-library-batch-12-part-5.zip,joseph-technologies-library-batch-12-part-5/metadata/compliance-evidence-library.json,compliance-evidence-library.json,.json,396,198,9b841d06d448fe5eb4762b4db9d865926019e5b4b37cd0d4701b1ada025d5c0c,compliance-evidence-library
12,5,joseph-technologies-library-batch-12-part-5.zip,joseph-technologies-library-batch-12-part-5/metadata/assessment-tracker.json,assessment-tracker.json,.json,351,192,e93983d91bcdd3eee29ee60ee484827136f6bd2f057fb023b3b4cfaa8f035707,assessment-tracker
12,5,joseph-technologies-library-batch-12-part-5.zip,joseph-technologies-library-batch-12-part-5/metadata/control-testing-workbook.json,control-testing-workbook.json,.json,381,199,948a3ac7f29d89a0ab0a3996579870857fbcd3c8759f9ccec08413d291c8cb47,control-testing
12,5,joseph-technologies-library-batch-12-part-5.zip,joseph-technologies-library-batch-12-part-5/metadata/continuous-compliance-dashboard.json,continuous-compliance-dashboard.json,.json,416,200,c18df4f03346a4495276c394e2696069649cd228b2826bdc7c690a1acfa18e8c,continuous-compliance-dashboard
12,5,joseph-technologies-library-batch-12-part-5.zip,joseph-technologies-library-batch-12-part-5/metadata/manifest.json,manifest.json,.json,2077,372,c73faba4e2e3e8b2baa08eab2fa6998d5a60eb1818f01a45ee9c166865f18791,
12,5,joseph-technologies-library-batch-12-part-5.zip,joseph-technologies-library-batch-12-part-5/docs/README.md,README.md,.md,110,100,d6ada7ae285acc56a14bf06a194d968f8065bed1fb69fc3ea73d2475a0d2e060,
12,5,joseph-technologies-library-batch-12-part-5.zip,joseph-technologies-library-batch-12-part-5/docs/CHANGELOG.md,CHANGELOG.md,.md,54,56,85052c4c51a489893632e26c253799d912126220017ee4c97705600cf98ed9c5,
12,6,joseph-technologies-library-batch-12-part-6.zip,joseph-technologies-library-batch-12-part-6/workbooks/board-reporting-suite.xlsx,board-reporting-suite.xlsx,.xlsx,16603,13568,b7d90a91b0be99f6a1f03f897ac9033a1e16d2014bb911e38f3700571da731ef,board-reporting-suite
12,6,joseph-technologies-library-batch-12-part-6.zip,joseph-technologies-library-batch-12-part-6/workbooks/quarterly-executive-report.xlsx,quarterly-executive-report.xlsx,.xlsx,16654,13763,83172f97d1bbca81e5ba240b6afa62e7b10a410876b22ebbe2c5aef17e646567,quarterly-executive-report
12,6,joseph-technologies-library-batch-12-part-6.zip,joseph-technologies-library-batch-12-part-6/workbooks/security-metrics-dashboard.xlsx,security-metrics-dashboard.xlsx,.xlsx,16628,13698,4456d56b94c312f9c56824e0ec4bfae1bdd2c39013940ed002ade58f22d3185d,security-metrics-dashboard
12,6,joseph-technologies-library-batch-12-part-6.zip,joseph-technologies-library-batch-12-part-6/workbooks/strategic-planning-workbook.xlsx,strategic-planning-workbook.xlsx,.xlsx,16660,13790,eadb5eae8fab4a7e5ccc847e1b0b4c04e16ec082f672e8169ab3a1750cef2183,strategic-planning
12,6,joseph-technologies-library-batch-12-part-6.zip,joseph-technologies-library-batch-12-part-6/workbooks/maturity-tracking-suite.xlsx,maturity-tracking-suite.xlsx,.xlsx,16629,13189,242222b735e2fcfaa27cf93a46532c8077130ca5bc1aee937792fa3d691c7528,maturity-tracking-suite
12,6,joseph-technologies-library-batch-12-part-6.zip,joseph-technologies-library-batch-12-part-6/pdfs/board-reporting-suite.pdf,board-reporting-suite.pdf,.pdf,1984,1189,e23dfdfc3a4dbd5e320888677dadef2a8146bdf4077318177b249c1d9dc63b28,board-reporting-suite
12,6,joseph-technologies-library-batch-12-part-6.zip,joseph-technologies-library-batch-12-part-6/pdfs/quarterly-executive-report.pdf,quarterly-executive-report.pdf,.pdf,1993,1193,6470e8452d77030329a65ebd4ab19a6f1e9f0468e37d3dfe8d57f521c53a2032,quarterly-executive-report
12,6,joseph-technologies-library-batch-12-part-6.zip,joseph-technologies-library-batch-12-part-6/pdfs/security-metrics-dashboard.pdf,security-metrics-dashboard.pdf,.pdf,2004,1200,4ce33e68295d9f3ff79cac9b4caf978a1bd5f7b471660b61db64b9c88f8aeae4,security-metrics-dashboard
12,6,joseph-technologies-library-batch-12-part-6.zip,joseph-technologies-library-batch-12-part-6/pdfs/strategic-planning-workbook.pdf,strategic-planning-workbook.pdf,.pdf,2002,1198,bf23950c218005de4ef7e93817d973f03118d3130b7b668ebebb16e87876a97a,strategic-planning
12,6,joseph-technologies-library-batch-12-part-6.zip,joseph-technologies-library-batch-12-part-6/pdfs/maturity-tracking-suite.pdf,maturity-tracking-suite.pdf,.pdf,2010,1205,3673ad41b324cfd4e6cd8cce808d3755b516850a5c6b73a0867d802733711e13,maturity-tracking-suite
12,6,joseph-technologies-library-batch-12-part-6.zip,joseph-technologies-library-batch-12-part-6/diagrams/board-reporting-suite.svg,board-reporting-suite.svg,.svg,1013,318,50fc397f47c201614c78c6f1b6051b1a85ff70b8ec5550526f776daebca3fe98,board-reporting-suite
12,6,joseph-technologies-library-batch-12-part-6.zip,joseph-technologies-library-batch-12-part-6/diagrams/quarterly-executive-report.svg,quarterly-executive-report.svg,.svg,1031,325,38c510fac8d3f08fbcd5d356edb2322fdaeb96e79d7e1b10ccb0aa2bac9ff632,quarterly-executive-report
12,6,joseph-technologies-library-batch-12-part-6.zip,joseph-technologies-library-batch-12-part-6/diagrams/security-metrics-dashboard.svg,security-metrics-dashboard.svg,.svg,1023,333,b22e129992ae8b7797792c48b53711d7779978eeba0cef2713969e99ea6c64d8,security-metrics-dashboard
12,6,joseph-technologies-library-batch-12-part-6.zip,joseph-technologies-library-batch-12-part-6/diagrams/strategic-planning-workbook.svg,strategic-planning-workbook.svg,.svg,1030,336,f2426209b73033f5cb9b33a17fedbe78fef870e59b8fd0e3d37f77092fd75bcf,strategic-planning
12,6,joseph-technologies-library-batch-12-part-6.zip,joseph-technologies-library-batch-12-part-6/diagrams/maturity-tracking-suite.svg,maturity-tracking-suite.svg,.svg,1026,341,133d161d35b9a7efa7dbddd1b4bc4f8fb0e0d1de7b5e2d7ab6eab192ff5c7dd9,maturity-tracking-suite
12,6,joseph-technologies-library-batch-12-part-6.zip,joseph-technologies-library-batch-12-part-6/metadata/board-reporting-suite.json,board-reporting-suite.json,.json,365,191,01a3ba51a56ffc1946a987a93d81f4a7876f783b58d99b3fdda12b19df1c895c,board-reporting-suite
12,6,joseph-technologies-library-batch-12-part-6.zip,joseph-technologies-library-batch-12-part-6/metadata/quarterly-executive-report.json,quarterly-executive-report.json,.json,390,192,e6130a295893577651bd178f63557508b089801d9d09b66becbb208ae5bc6c0d,quarterly-executive-report
12,6,joseph-technologies-library-batch-12-part-6.zip,joseph-technologies-library-batch-12-part-6/metadata/security-metrics-dashboard.json,security-metrics-dashboard.json,.json,390,203,d2f285b18f979e47a35c15e38d6bfa7ee23932416549be3942cecaa8acb3820b,security-metrics-dashboard
12,6,joseph-technologies-library-batch-12-part-6.zip,joseph-technologies-library-batch-12-part-6/metadata/strategic-planning-workbook.json,strategic-planning-workbook.json,.json,395,201,f535c7778ca39673ced677afbd651063bc56f860ce203a859a13e540a680e141,strategic-planning
12,6,joseph-technologies-library-batch-12-part-6.zip,joseph-technologies-library-batch-12-part-6/metadata/maturity-tracking-suite.json,maturity-tracking-suite.json,.json,375,200,04f25b827d9337a6ca76904671d6f572d93bd6c324157dd3979eef459575409c,maturity-tracking-suite
12,6,joseph-technologies-library-batch-12-part-6.zip,joseph-technologies-library-batch-12-part-6/metadata/manifest.json,manifest.json,.json,2077,364,e14563b569af773c1677521883198878421b17b16f9181b7778ae530720f7fdc,
12,6,joseph-technologies-library-batch-12-part-6.zip,joseph-technologies-library-batch-12-part-6/docs/README.md,README.md,.md,109,99,3c082fe741a30a80d933c5ceea0126a81f6685236e84888ade61bf73e82fb44c,
12,6,joseph-technologies-library-batch-12-part-6.zip,joseph-technologies-library-batch-12-part-6/docs/CHANGELOG.md,CHANGELOG.md,.md,54,56,85052c4c51a489893632e26c253799d912126220017ee4c97705600cf98ed9c5,
12,7,joseph-technologies-library-batch-12-part-7.zip,joseph-technologies-library-batch-12-part-7/workbooks/policy-template-pack.xlsx,policy-template-pack.xlsx,.xlsx,16628,13593,640b2b52b4d7010895ef1e3e9ddf3d1a760474d9d8f18fd90415467c1a8d7ae2,policy-template-pack
12,7,joseph-technologies-library-batch-12-part-7.zip,joseph-technologies-library-batch-12-part-7/workbooks/charter-template-pack.xlsx,charter-template-pack.xlsx,.xlsx,16628,13751,44baa5fabd2e82594a1675da8d2adc0259cc1035e84731c3b51545c790035a76,charter-template-pack
12,7,joseph-technologies-library-batch-12-part-7.zip,joseph-technologies-library-batch-12-part-7/workbooks/risk-template-pack.xlsx,risk-template-pack.xlsx,.xlsx,16602,13709,9268f568bf03bd75abb7ddfb2cf58fe9a4de2020dadb6a9efb7b801ab8f39eb1,risk-template-pack
12,7,joseph-technologies-library-batch-12-part-7.zip,joseph-technologies-library-batch-12-part-7/workbooks/architecture-template-pack.xlsx,architecture-template-pack.xlsx,.xlsx,16652,13707,f5ae5f7e475b967a672c19219bd550cc363d136fbbed7af6d0a5e411d5e525bb,architecture-template-pack
12,7,joseph-technologies-library-batch-12-part-7.zip,joseph-technologies-library-batch-12-part-7/workbooks/meeting-assessment-template-pack.xlsx,meeting-assessment-template-pack.xlsx,.xlsx,16669,13734,45777adcfe36208f0e6e47ddb6b8a07d33f0ef90a4115b8d6f58f63dd39139ca,meeting-assessment-template-pack
12,7,joseph-technologies-library-batch-12-part-7.zip,joseph-technologies-library-batch-12-part-7/pdfs/policy-template-pack.pdf,policy-template-pack.pdf,.pdf,1990,1189,61ca1f3e6101c90f9b61bd84ce5a8105c0469604f0a5e0f8ad206463b3198d1f,policy-template-pack
12,7,joseph-technologies-library-batch-12-part-7.zip,joseph-technologies-library-batch-12-part-7/pdfs/charter-template-pack.pdf,charter-template-pack.pdf,.pdf,1990,1189,35038b1fe389b34a423438298ea80ae56255dadce2615bd8c279f788432152a8,charter-template-pack
12,7,joseph-technologies-library-batch-12-part-7.zip,joseph-technologies-library-batch-12-part-7/pdfs/risk-template-pack.pdf,risk-template-pack.pdf,.pdf,1987,1186,35b890260ddea3b0ce75dfbfa32bdbac1973c068f8608b954206b3e67f08c2f9,risk-template-pack
12,7,joseph-technologies-library-batch-12-part-7.zip,joseph-technologies-library-batch-12-part-7/pdfs/architecture-template-pack.pdf,architecture-template-pack.pdf,.pdf,1995,1191,c74749e4706ffc1d7223ff986834d3d5261bbee92f0634353531060ae50eecca,architecture-template-pack
12,7,joseph-technologies-library-batch-12-part-7.zip,joseph-technologies-library-batch-12-part-7/pdfs/meeting-assessment-template-pack.pdf,meeting-assessment-template-pack.pdf,.pdf,1983,1181,1afff6f4bae45c585749b8237b54e8e379a7bd5db13772c6780d3b46e46ec59c,meeting-assessment-template-pack
12,7,joseph-technologies-library-batch-12-part-7.zip,joseph-technologies-library-batch-12-part-7/diagrams/policy-template-pack.svg,policy-template-pack.svg,.svg,1022,325,5753967f128edd8ae34e739c55895bfeed01e8f7ba57ed4ea01a9bb600cb001c,policy-template-pack
12,7,joseph-technologies-library-batch-12-part-7.zip,joseph-technologies-library-batch-12-part-7/diagrams/charter-template-pack.svg,charter-template-pack.svg,.svg,1022,327,1df772f060fedb634a92e44b96f7ece672e9cdc470d6ff0e9e7618b492ff6e11,charter-template-pack
12,7,joseph-technologies-library-batch-12-part-7.zip,joseph-technologies-library-batch-12-part-7/diagrams/risk-template-pack.svg,risk-template-pack.svg,.svg,1011,323,4633025859f2aa0f96a74e321601c2564b4fd65d30ef8df6888f4a3596305a2a,risk-template-pack
12,7,joseph-technologies-library-batch-12-part-7.zip,joseph-technologies-library-batch-12-part-7/diagrams/architecture-template-pack.svg,architecture-template-pack.svg,.svg,1030,328,df6782fd2cde8d93af12bdb65068fea15c62a03a7327a4e548e95e3680858930,architecture-template-pack
12,7,joseph-technologies-library-batch-12-part-7.zip,joseph-technologies-library-batch-12-part-7/diagrams/meeting-assessment-template-pack.svg,meeting-assessment-template-pack.svg,.svg,1043,329,07e421428bc294d35be88eb32d0157112edc4cc765d9c6a1ec51dfa30c83f577,meeting-assessment-template-pack
12,7,joseph-technologies-library-batch-12-part-7.zip,joseph-technologies-library-batch-12-part-7/metadata/policy-template-pack.json,policy-template-pack.json,.json,361,190,6566c88ac3d18f7daca613652ea9c9c6a26759305df77c935579687b9dbf3ec6,policy-template-pack
12,7,joseph-technologies-library-batch-12-part-7.zip,joseph-technologies-library-batch-12-part-7/metadata/charter-template-pack.json,charter-template-pack.json,.json,366,191,d95b58a501c76f9b516842af8a22fb27a42f34a04552273c1c4c3bb4163b974a,charter-template-pack
12,7,joseph-technologies-library-batch-12-part-7.zip,joseph-technologies-library-batch-12-part-7/metadata/risk-template-pack.json,risk-template-pack.json,.json,351,189,1fb47793ac0616321598e99392043d0c8a4ae77f803ff073274ea75b42320597,risk-template-pack
12,7,joseph-technologies-library-batch-12-part-7.zip,joseph-technologies-library-batch-12-part-7/metadata/architecture-template-pack.json,architecture-template-pack.json,.json,391,199,232fe7d56d8d200fe9cab8df15a0fba0d90a3a0e7d7f3e4613d23a3ee5ac52d6,architecture-template-pack
12,7,joseph-technologies-library-batch-12-part-7.zip,joseph-technologies-library-batch-12-part-7/metadata/meeting-assessment-template-pack.json,meeting-assessment-template-pack.json,.json,423,210,471a69cf0162e1b19753d001aa688db19b115569886d2a932eea792d4789fe2a,meeting-assessment-template-pack
12,7,joseph-technologies-library-batch-12-part-7.zip,joseph-technologies-library-batch-12-part-7/metadata/manifest.json,manifest.json,.json,2054,327,a38cee53878667c07d35f38ea207356fbb59edbdae58b52f1fefe2d78b17494a,
12,7,joseph-technologies-library-batch-12-part-7.zip,joseph-technologies-library-batch-12-part-7/docs/README.md,README.md,.md,110,99,65a3a4874f203398fbb831a3be6314f413d38dcd8455f26c9289cf2d752bd1b3,
12,7,joseph-technologies-library-batch-12-part-7.zip,joseph-technologies-library-batch-12-part-7/docs/CHANGELOG.md,CHANGELOG.md,.md,54,56,85052c4c51a489893632e26c253799d912126220017ee4c97705600cf98ed9c5,
12,8,joseph-technologies-library-batch-12-part-8.zip,joseph-technologies-library-batch-12-part-8/workbooks/security-architecture-diagram-kit.xlsx,security-architecture-diagram-kit.xlsx,.xlsx,16687,13749,53b192c8e06dd53b8cefc7be1766995be95d4167de03fe91dade68d9a2ad7220,security-architecture-diagram-kit
12,8,joseph-technologies-library-batch-12-part-8.zip,joseph-technologies-library-batch-12-part-8/workbooks/governance-operating-model-kit.xlsx,governance-operating-model-kit.xlsx,.xlsx,16616,13650,b0e3e2330dde98ea87e4a8b8a3034c21f76cede9d27f7f19bc534f81449a6263,governance-operating-model-kit
12,8,joseph-technologies-library-batch-12-part-8.zip,joseph-technologies-library-batch-12-part-8/workbooks/risk-visualization-kit.xlsx,risk-visualization-kit.xlsx,.xlsx,16610,13549,61627d29efa4aefb1f6dd8c78159c463c553b2f4375995b8dc89797f3f950645,risk-visualization-kit
12,8,joseph-technologies-library-batch-12-part-8.zip,joseph-technologies-library-batch-12-part-8/workbooks/security-process-flowchart-kit.xlsx,security-process-flowchart-kit.xlsx,.xlsx,16658,13374,3961232d8b7dd3becbd44d0a9558baac057984d3aab3c61725617055624f199a,security-process-flowchart-kit
12,8,joseph-technologies-library-batch-12-part-8.zip,joseph-technologies-library-batch-12-part-8/workbooks/executive-graphics-library.xlsx,executive-graphics-library.xlsx,.xlsx,16663,13781,e73a158971eb72f3f3769dd00e0863dbe5467f2125be20abb6f026446ad58954,executive-graphics-library
12,8,joseph-technologies-library-batch-12-part-8.zip,joseph-technologies-library-batch-12-part-8/pdfs/security-architecture-diagram-kit.pdf,security-architecture-diagram-kit.pdf,.pdf,2005,1202,5b9a9ac3287d07f54561d2a65494b96f57938701350851058c0361c801648741,security-architecture-diagram-kit
12,8,joseph-technologies-library-batch-12-part-8.zip,joseph-technologies-library-batch-12-part-8/pdfs/governance-operating-model-kit.pdf,governance-operating-model-kit.pdf,.pdf,1992,1192,acc6c95c1379152ccad704114b235055cf7dff7cb6b0909a4bc5c81d47783103,governance-operating-model-kit
12,8,joseph-technologies-library-batch-12-part-8.zip,joseph-technologies-library-batch-12-part-8/pdfs/risk-visualization-kit.pdf,risk-visualization-kit.pdf,.pdf,1984,1187,75401d1e1102abaa66430df23165479e75b7cbf31076e72b2ba02d75f438881c,risk-visualization-kit
12,8,joseph-technologies-library-batch-12-part-8.zip,joseph-technologies-library-batch-12-part-8/pdfs/security-process-flowchart-kit.pdf,security-process-flowchart-kit.pdf,.pdf,2007,1204,1521030f664531882af800d90e11c80be7d3f7f99acee91e27a31230ef607144,security-process-flowchart-kit
12,8,joseph-technologies-library-batch-12-part-8.zip,joseph-technologies-library-batch-12-part-8/pdfs/executive-graphics-library.pdf,executive-graphics-library.pdf,.pdf,2004,1201,8e2c47828c2845ae606e08fa08d92e893c898545a484eca08ea8319e7bde648c,executive-graphics-library
12,8,joseph-technologies-library-batch-12-part-8.zip,joseph-technologies-library-batch-12-part-8/diagrams/security-architecture-diagram-kit.svg,security-architecture-diagram-kit.svg,.svg,1020,334,51f0f1004c249f3a18af27766d60f23c6b03995c91c1dcbd5962831c9d2908a5,security-architecture-diagram-kit
12,8,joseph-technologies-library-batch-12-part-8.zip,joseph-technologies-library-batch-12-part-8/diagrams/governance-operating-model-kit.svg,governance-operating-model-kit.svg,.svg,1015,325,56c311db6b519bbef0b7aa8d5a37ab14be5524d555eb5b6a78aab7b226e7a781,governance-operating-model-kit
12,8,joseph-technologies-library-batch-12-part-8.zip,joseph-technologies-library-batch-12-part-8/diagrams/risk-visualization-kit.svg,risk-visualization-kit.svg,.svg,1007,319,d9f23563f0a2955690c8e47b05a0d58ec8f6440137ff02a0fcc012d6e36fdce9,risk-visualization-kit
12,8,joseph-technologies-library-batch-12-part-8.zip,joseph-technologies-library-batch-12-part-8/diagrams/security-process-flowchart-kit.svg,security-process-flowchart-kit.svg,.svg,1021,336,26cbf0b63000a37bd4075c336261f7e028001845f59a39c09ab51851b8aa3097,security-process-flowchart-kit
12,8,joseph-technologies-library-batch-12-part-8.zip,joseph-technologies-library-batch-12-part-8/diagrams/executive-graphics-library.svg,executive-graphics-library.svg,.svg,1019,335,0fe51d4bde697a6da6288dafcdeca33978bf8866d122a7134a7f18f1628f922d,executive-graphics-library
12,8,joseph-technologies-library-batch-12-part-8.zip,joseph-technologies-library-batch-12-part-8/metadata/security-architecture-diagram-kit.json,security-architecture-diagram-kit.json,.json,419,205,fa87d15386ec77973ade61003388bb612234af429e093ac63363d80281e2e21b,security-architecture-diagram-kit
12,8,joseph-technologies-library-batch-12-part-8.zip,joseph-technologies-library-batch-12-part-8/metadata/governance-operating-model-kit.json,governance-operating-model-kit.json,.json,404,206,f701e137a1d649769b45df6de2cf26d40b4e96d62f4730674c204f9b458f8519,governance-operating-model-kit
12,8,joseph-technologies-library-batch-12-part-8.zip,joseph-technologies-library-batch-12-part-8/metadata/risk-visualization-kit.json,risk-visualization-kit.json,.json,364,191,fe84b5ab38390816a189144a33b868e1d4addd383f93de4b3a245d73f948a366,risk-visualization-kit
12,8,joseph-technologies-library-batch-12-part-8.zip,joseph-technologies-library-batch-12-part-8/metadata/security-process-flowchart-kit.json,security-process-flowchart-kit.json,.json,404,206,717843fb33d75927f5a9973ab35da78ef3098d1cde2dcc87c1d2834b09a11ddf,security-process-flowchart-kit
12,8,joseph-technologies-library-batch-12-part-8.zip,joseph-technologies-library-batch-12-part-8/metadata/executive-graphics-library.json,executive-graphics-library.json,.json,384,196,d17c3af50f68932cf232ee96860046188fb8550e96cbcc6d6a69ecd3178a7d3d,executive-graphics-library
12,8,joseph-technologies-library-batch-12-part-8.zip,joseph-technologies-library-batch-12-part-8/metadata/manifest.json,manifest.json,.json,2137,390,1e3cf387787efebc3f8985868e6fc3f4c8060bb61a03685c5a4932bec1ec649d,
12,8,joseph-technologies-library-batch-12-part-8.zip,joseph-technologies-library-batch-12-part-8/docs/README.md,README.md,.md,103,95,a91a319bd86808cabe6b383e6aace7abad84dc2b815882901d59e3bc9a4bb046,
12,8,joseph-technologies-library-batch-12-part-8.zip,joseph-technologies-library-batch-12-part-8/docs/CHANGELOG.md,CHANGELOG.md,.md,54,56,85052c4c51a489893632e26c253799d912126220017ee4c97705600cf98ed9c5,
12,9,joseph-technologies-library-batch-12-part-9.zip,joseph-technologies-library-batch-12-part-9/workbooks/master-library-index.xlsx,master-library-index.xlsx,.xlsx,16604,13527,f8ea109485b08e590dae3e1934556eac5f16c5f69c26ad7da645511dc7e79bee,master-library-index
12,9,joseph-technologies-library-batch-12-part-9.zip,joseph-technologies-library-batch-12-part-9/workbooks/metadata-catalog.xlsx,metadata-catalog.xlsx,.xlsx,16576,13623,4daeb754c15f7e535262f49228f02c512041b7ce48ccf6c2a34586dd2171c0d7,metadata-catalog
12,9,joseph-technologies-library-batch-12-part-9.zip,joseph-technologies-library-batch-12-part-9/workbooks/search-index.xlsx,search-index.xlsx,.xlsx,16547,13728,fd29ed09f4c21d703353a928fc164df5fb80f1d05bb65afea720a2c130bc3b96,search-index
12,9,joseph-technologies-library-batch-12-part-9.zip,joseph-technologies-library-batch-12-part-9/workbooks/version-history.xlsx,version-history.xlsx,.xlsx,16584,13704,81185d71a61d13e03f44977ec829555195dbdab2b9c05254de2732459899d804,version-history
12,9,joseph-technologies-library-batch-12-part-9.zip,joseph-technologies-library-batch-12-part-9/workbooks/contributor-licensing-guide.xlsx,contributor-licensing-guide.xlsx,.xlsx,16698,13670,e8c185915da5824634d1f973ff27156004c3ac4f91d00343a67970397cdfc763,contributor-licensing
12,9,joseph-technologies-library-batch-12-part-9.zip,joseph-technologies-library-batch-12-part-9/pdfs/master-library-index.pdf,master-library-index.pdf,.pdf,1988,1189,27c396ecede106283822601a510f28171b053828eadf49cd916cd93262079bef,master-library-index
12,9,joseph-technologies-library-batch-12-part-9.zip,joseph-technologies-library-batch-12-part-9/pdfs/metadata-catalog.pdf,metadata-catalog.pdf,.pdf,1985,1183,b72dd472440ae1abfa162d65522bc072aa2766bbc70fbb15d63c0cb5abb3f14c,metadata-catalog
12,9,joseph-technologies-library-batch-12-part-9.zip,joseph-technologies-library-batch-12-part-9/pdfs/search-index.pdf,search-index.pdf,.pdf,1982,1179,d78fdd7ad0f8560a96c3e28355ac12345a6bda241b4166aae354fe10bd7f13e9,search-index
12,9,joseph-technologies-library-batch-12-part-9.zip,joseph-technologies-library-batch-12-part-9/pdfs/version-history.pdf,version-history.pdf,.pdf,1999,1195,aca94fb1b4638c51c1f97704623201e57248cc76bb38371d77527144c2903991,version-history
12,9,joseph-technologies-library-batch-12-part-9.zip,joseph-technologies-library-batch-12-part-9/pdfs/contributor-licensing-guide.pdf,contributor-licensing-guide.pdf,.pdf,2009,1207,78b9a50d49c020521e7ebb1821e56606448aca92245bb5d1e72a613ac1312fbc,contributor-licensing
12,9,joseph-technologies-library-batch-12-part-9.zip,joseph-technologies-library-batch-12-part-9/diagrams/master-library-index.svg,master-library-index.svg,.svg,1014,324,ef76dad50263f23fa8e8c55a7dde93f638a57f76823719c592aa84ac4e9f2823,master-library-index
12,9,joseph-technologies-library-batch-12-part-9.zip,joseph-technologies-library-batch-12-part-9/diagrams/metadata-catalog.svg,metadata-catalog.svg,.svg,1013,325,5c52ca21111734168860784b6bfe9e11e82503e629209a6a59a01075d2179066,metadata-catalog
12,9,joseph-technologies-library-batch-12-part-9.zip,joseph-technologies-library-batch-12-part-9/diagrams/search-index.svg,search-index.svg,.svg,1007,319,456a1951713df281a20cb624d6cd07c7e1cdb79cf6c073bfd636f00ff6a71daa,search-index
12,9,joseph-technologies-library-batch-12-part-9.zip,joseph-technologies-library-batch-12-part-9/diagrams/version-history.svg,version-history.svg,.svg,1015,332,b4a0ca711c5b9231b97c1019fb7cb17ddba4654564bbca97dbc1461a3840818c,version-history
12,9,joseph-technologies-library-batch-12-part-9.zip,joseph-technologies-library-batch-12-part-9/diagrams/contributor-licensing-guide.svg,contributor-licensing-guide.svg,.svg,1040,349,e3f1d1c14e8c2700c27a136d01506569f71158c24a56aef84266da60a85bf408,contributor-licensing
12,9,joseph-technologies-library-batch-12-part-9.zip,joseph-technologies-library-batch-12-part-9/metadata/master-library-index.json,master-library-index.json,.json,361,189,aa6d1313f6467e578540b65b3f628eb269d49f1bb197d9a2535538d0c3f6347f,master-library-index
12,9,joseph-technologies-library-batch-12-part-9.zip,joseph-technologies-library-batch-12-part-9/metadata/metadata-catalog.json,metadata-catalog.json,.json,341,187,18bc34d61886777e3bf5c3d7871b5d2a503706aab9f23e029d9b12f7cab8baa2,metadata-catalog
12,9,joseph-technologies-library-batch-12-part-9.zip,joseph-technologies-library-batch-12-part-9/metadata/search-index.json,search-index.json,.json,321,186,e8bfa0ebd12069090953f1fbcd0ac3a1f75000724b892a341be980013612db93,search-index
12,9,joseph-technologies-library-batch-12-part-9.zip,joseph-technologies-library-batch-12-part-9/metadata/version-history.json,version-history.json,.json,336,185,ec25aa381b92360a608641577ebaa541e609ab9df6af034cc6f9a5d181560c24,version-history
12,9,joseph-technologies-library-batch-12-part-9.zip,joseph-technologies-library-batch-12-part-9/metadata/contributor-licensing-guide.json,contributor-licensing-guide.json,.json,398,205,73b44584c8d4f62d9a34a4880003fa640a592714cce16b2ff4f9a173bedebd2c,contributor-licensing
12,9,joseph-technologies-library-batch-12-part-9.zip,joseph-technologies-library-batch-12-part-9/metadata/manifest.json,manifest.json,.json,1919,352,412e7adc17ab11a7f490555e33edd6124b4567b99628bd0396257342f2cec85e,
12,9,joseph-technologies-library-batch-12-part-9.zip,joseph-technologies-library-batch-12-part-9/docs/README.md,README.md,.md,110,100,57c226fe19bba82ba721c7338b24c50a31fdec3f5e1b7e17fa57088097dbbfac,
12,9,joseph-technologies-library-batch-12-part-9.zip,joseph-technologies-library-batch-12-part-9/docs/CHANGELOG.md,CHANGELOG.md,.md,54,56,85052c4c51a489893632e26c253799d912126220017ee4c97705600cf98ed9c5,
3,,joseph-technologies-library-batch-3.zip,joseph-technologies-library-batch-3/workbooks/digital-evidence-chain-of-custody.xlsx,digital-evidence-chain-of-custody.xlsx,.xlsx,19473,13065,48b486d0bccf45ee791ec5155d68e7b4c95f4c99d8d2dc035fe6badfb2b6b394,digital-evidence-chain-of-custody
3,,joseph-technologies-library-batch-3.zip,joseph-technologies-library-batch-3/workbooks/incident-response-command-workbook.xlsx,incident-response-command-workbook.xlsx,.xlsx,30146,18537,4aa932afb4f56b9c20e6c63cfb24df5b51ea07127b667aaed4cdcb8fa543d957,incident-response-command
3,,joseph-technologies-library-batch-3.zip,joseph-technologies-library-batch-3/workbooks/privacy-impact-assessment.xlsx,privacy-impact-assessment.xlsx,.xlsx,32120,18750,30c2c8477ad18afc3d6f235229a17d1aa5ef358e481e8a65cb1c0f19a5f7e555,privacy-impact-assessment
3,,joseph-technologies-library-batch-3.zip,joseph-technologies-library-batch-3/workbooks/vendor-security-review.xlsx,vendor-security-review.xlsx,.xlsx,71396,29801,d575d5787fe5029435323a03ad006c22cf4cffef873f369d626c1633bab25a4a,vendor-security-review
3,,joseph-technologies-library-batch-3.zip,joseph-technologies-library-batch-3/workbooks/digital-asset-inventory.xlsx,digital-asset-inventory.xlsx,.xlsx,61520,22063,3c98f3c86d4a9006a14245d87872fca904a2c584d25864139ee75ea050b8918e,digital-asset-inventory
3,,joseph-technologies-library-batch-3.zip,joseph-technologies-library-batch-3/pdfs/digital-evidence-chain-of-custody.pdf,digital-evidence-chain-of-custody.pdf,.pdf,2014,1208,f18f2373c74c8c829feaa46a999f2a5fb5cbafefa4ac72b279f04235d1fbe8db,digital-evidence-chain-of-custody
3,,joseph-technologies-library-batch-3.zip,joseph-technologies-library-batch-3/pdfs/incident-response-command-workbook.pdf,incident-response-command-workbook.pdf,.pdf,2009,1205,f16b9842c4b62b8497d05ddfddf6fbe8b95585284bc0a3c94e8a7af51a11000f,incident-response-command
3,,joseph-technologies-library-batch-3.zip,joseph-technologies-library-batch-3/pdfs/privacy-impact-assessment.pdf,privacy-impact-assessment.pdf,.pdf,2034,1224,6a310e7d5c8d3ce53c8da2c6f80269b583c3882d2b3dab144f58b4d0f5a2eacc,privacy-impact-assessment
3,,joseph-technologies-library-batch-3.zip,joseph-technologies-library-batch-3/pdfs/vendor-security-review.pdf,vendor-security-review.pdf,.pdf,2643,1495,c4230446886e5222e2b1dd9fb3e1f3cc5b9813bebe13b3aeae3601a5beaa0489,vendor-security-review
3,,joseph-technologies-library-batch-3.zip,joseph-technologies-library-batch-3/pdfs/digital-asset-inventory.pdf,digital-asset-inventory.pdf,.pdf,2043,1232,16ed0a5673a20d5acc2f209e3a4d1906bee28474af8ca741373652190c905746,digital-asset-inventory
3,,joseph-technologies-library-batch-3.zip,joseph-technologies-library-batch-3/diagrams/digital-evidence-chain-of-custody.svg,digital-evidence-chain-of-custody.svg,.svg,3205,596,15f25c1ccd35a4f48b26e99492678090bf7b88f1de29c03fc0e67f39c8c9490a,digital-evidence-chain-of-custody
3,,joseph-technologies-library-batch-3.zip,joseph-technologies-library-batch-3/diagrams/incident-response-command-workbook.svg,incident-response-command-workbook.svg,.svg,3158,568,33162bd806a469a656e2f4207eaa0653b529ab7e8778edc2902c3314657c2207,incident-response-command
3,,joseph-technologies-library-batch-3.zip,joseph-technologies-library-batch-3/diagrams/privacy-impact-assessment.svg,privacy-impact-assessment.svg,.svg,3169,578,5167792d063ac64900afb168e6d67073e2118e8ff45d30ae4c1e1d74dd41b2c6,privacy-impact-assessment
3,,joseph-technologies-library-batch-3.zip,joseph-technologies-library-batch-3/diagrams/vendor-security-review.svg,vendor-security-review.svg,.svg,3139,559,7a72f4fd82b26ffee10be7359135d7abd9770c200e80e83fb4a50ee4d435c8fe,vendor-security-review
3,,joseph-technologies-library-batch-3.zip,joseph-technologies-library-batch-3/diagrams/digital-asset-inventory.svg,digital-asset-inventory.svg,.svg,3174,580,02730dc5747b0976afeb923a37dcc312d7ca54cac28763e3c54d832edc69c882,digital-asset-inventory
3,,joseph-technologies-library-batch-3.zip,joseph-technologies-library-batch-3/metadata/digital-evidence-chain-of-custody.json,digital-evidence-chain-of-custody.json,.json,619,362,d4170d4c1b264243f5e81433058d0d2aa015110178d24326fb8ea0f839f716a2,digital-evidence-chain-of-custody
3,,joseph-technologies-library-batch-3.zip,joseph-technologies-library-batch-3/metadata/incident-response-command-workbook.json,incident-response-command-workbook.json,.json,666,386,57ad07a7c30a791ec4443da6badfba93c2b1e8f2a8a4686be156e381d97025a0,incident-response-command
3,,joseph-technologies-library-batch-3.zip,joseph-technologies-library-batch-3/metadata/privacy-impact-assessment.json,privacy-impact-assessment.json,.json,649,376,4a83b1ca0bd54429e99702260635a0327eab026aa2d432497cc2b8fa661b322a,privacy-impact-assessment
3,,joseph-technologies-library-batch-3.zip,joseph-technologies-library-batch-3/metadata/vendor-security-review.json,vendor-security-review.json,.json,628,383,7301c1ff400c6112039bc7da3f8ec06f8c9df65096bbf45cc5c36f4d5fd4b9b9,vendor-security-review
3,,joseph-technologies-library-batch-3.zip,joseph-technologies-library-batch-3/metadata/digital-asset-inventory.json,digital-asset-inventory.json,.json,626,386,64378640efb6bac1b76b6ed51fa009dbe5d59661f87a7ec6257b775949d398ab,digital-asset-inventory
3,,joseph-technologies-library-batch-3.zip,joseph-technologies-library-batch-3/docs/README.md,README.md,.md,693,427,955922a0072b189def3bd5c338f6649500ac92d4c41a8f17ad592c21cb937a7b,
3,,joseph-technologies-library-batch-3.zip,joseph-technologies-library-batch-3/docs/INTEGRATION.md,INTEGRATION.md,.md,468,300,26921abcd80908865313d8538646a4cb87ab400827b5a3be4d883df6950e6692,integration
4,,joseph-technologies-library-batch-4.zip,joseph-technologies-library-batch-4/workbooks/stride-threat-modeling-toolkit.xlsx,stride-threat-modeling-toolkit.xlsx,.xlsx,53569,25303,e33965a58f59e378cb4c01acb6f49a0ab12295f2332bea034f3cae7db3aa7147,stride-threat-modeling-toolkit
4,,joseph-technologies-library-batch-4.zip,joseph-technologies-library-batch-4/workbooks/dread-risk-analysis-toolkit.xlsx,dread-risk-analysis-toolkit.xlsx,.xlsx,37453,18169,f821ec7eaf6b71051fccc35de64a816c966129f9808ad393f43c7a435fb0296a,dread-risk-analysis-toolkit
4,,joseph-technologies-library-batch-4.zip,joseph-technologies-library-batch-4/workbooks/attack-tree-builder.xlsx,attack-tree-builder.xlsx,.xlsx,40745,20239,6904719818c62e6be11301eee07a02cd17289429a79b1be93274bbf3239db83b,attack-tree-builder
4,,joseph-technologies-library-batch-4.zip,joseph-technologies-library-batch-4/workbooks/zero-trust-architecture-planner.xlsx,zero-trust-architecture-planner.xlsx,.xlsx,48568,24421,38596be12a7555ede2e71f75cb2e304c4284324a50446789528964a85b3ef66f,zero-trust-architecture-planner
4,,joseph-technologies-library-batch-4.zip,joseph-technologies-library-batch-4/workbooks/defense-in-depth-planner.xlsx,defense-in-depth-planner.xlsx,.xlsx,49758,25620,63806ce4945211b59a25bf9f1c8c529acfa515cd6a742143f5b63e78b3c301a7,defense-in-depth-planner
4,,joseph-technologies-library-batch-4.zip,joseph-technologies-library-batch-4/pdfs/stride-threat-modeling-toolkit.pdf,stride-threat-modeling-toolkit.pdf,.pdf,2088,1271,1c6361f7c6decc12a3e49dfb8944759d12191f0c8d9ef9e2a9151842ab6605d9,stride-threat-modeling-toolkit
4,,joseph-technologies-library-batch-4.zip,joseph-technologies-library-batch-4/pdfs/dread-risk-analysis-toolkit.pdf,dread-risk-analysis-toolkit.pdf,.pdf,1977,1179,f6e5ea47cc72a93aecf1dc512e02360c59e721676c460e3fe60d22d81abc8db8,dread-risk-analysis-toolkit
4,,joseph-technologies-library-batch-4.zip,joseph-technologies-library-batch-4/pdfs/attack-tree-builder.pdf,attack-tree-builder.pdf,.pdf,1962,1165,193fbc2dda9e6532461694d2620b9030012f1f8b23b7304bfa8178b54f062045,attack-tree-builder
4,,joseph-technologies-library-batch-4.zip,joseph-technologies-library-batch-4/pdfs/zero-trust-architecture-planner.pdf,zero-trust-architecture-planner.pdf,.pdf,2020,1212,c4d7a294da1d9dbf7143d0222a0b998e48c4fce8d1a27b68663f1b5fd4ff0655,zero-trust-architecture-planner
4,,joseph-technologies-library-batch-4.zip,joseph-technologies-library-batch-4/pdfs/defense-in-depth-planner.pdf,defense-in-depth-planner.pdf,.pdf,2033,1224,6d8bfcf77bf8241574d4b7cfc8b835061697c3937bd75f046f5ba8a264613067,defense-in-depth-planner
4,,joseph-technologies-library-batch-4.zip,joseph-technologies-library-batch-4/diagrams/stride-threat-modeling-toolkit.svg,stride-threat-modeling-toolkit.svg,.svg,3215,612,59efcaf35ba8dfa74b94f0a86a97662f9b6a55f4ec38c2bb15949181f9ae141b,stride-threat-modeling-toolkit
4,,joseph-technologies-library-batch-4.zip,joseph-technologies-library-batch-4/diagrams/dread-risk-analysis-toolkit.svg,dread-risk-analysis-toolkit.svg,.svg,3150,562,9538386383bd3b88f71e2514ee93571e29ade877dfff03dd740cfa158cbc75e1,dread-risk-analysis-toolkit
4,,joseph-technologies-library-batch-4.zip,joseph-technologies-library-batch-4/diagrams/attack-tree-builder.svg,attack-tree-builder.svg,.svg,3142,573,9801cab10d324e49f9446d99c29fa5a5563def1bbb8364c033b7b8db74291fe9,attack-tree-builder
4,,joseph-technologies-library-batch-4.zip,joseph-technologies-library-batch-4/diagrams/zero-trust-architecture-planner.svg,zero-trust-architecture-planner.svg,.svg,3186,596,a01e1bdb28ccfc288dc2c150c3a31231e278cbe78c62f7b72011e0663123aa49,zero-trust-architecture-planner
4,,joseph-technologies-library-batch-4.zip,joseph-technologies-library-batch-4/diagrams/defense-in-depth-planner.svg,defense-in-depth-planner.svg,.svg,3165,581,9bca845b6e0143622a598544a2271d8e2d876e3c183617418db6745f11f7b0d2,defense-in-depth-planner
4,,joseph-technologies-library-batch-4.zip,joseph-technologies-library-batch-4/metadata/stride-threat-modeling-toolkit.json,stride-threat-modeling-toolkit.json,.json,682,410,4966d22c3277ff0e24ee607ca3f87410312053c9b3feb913a7a2c7504a64103b,stride-threat-modeling-toolkit
4,,joseph-technologies-library-batch-4.zip,joseph-technologies-library-batch-4/metadata/dread-risk-analysis-toolkit.json,dread-risk-analysis-toolkit.json,.json,627,374,9d98fbd11aea33385d7930df613e1c6eb0b5ccdf8051a7a3a9b571b329c43015,dread-risk-analysis-toolkit
4,,joseph-technologies-library-batch-4.zip,joseph-technologies-library-batch-4/metadata/attack-tree-builder.json,attack-tree-builder.json,.json,579,343,3c051db1cec3504e55b2c3e57c240e76aa5790fb113f341d8ec14874e79597d8,attack-tree-builder
4,,joseph-technologies-library-batch-4.zip,joseph-technologies-library-batch-4/metadata/zero-trust-architecture-planner.json,zero-trust-architecture-planner.json,.json,629,375,beb8e6a031d11410c9e8021d31a1b2959252412790b94e356c5cde5d650a3b21,zero-trust-architecture-planner
4,,joseph-technologies-library-batch-4.zip,joseph-technologies-library-batch-4/metadata/defense-in-depth-planner.json,defense-in-depth-planner.json,.json,617,371,7742f240e4d2b30bf9142f69bdf4484ec812c9c3417fe1d5b7c5ad9b0b5cab30,defense-in-depth-planner
4,,joseph-technologies-library-batch-4.zip,joseph-technologies-library-batch-4/docs/README.md,README.md,.md,747,447,ccf778897a70f5db26f6592e04a71d6a0636c365ff843d9c9bcba8803967384e,
4,,joseph-technologies-library-batch-4.zip,joseph-technologies-library-batch-4/docs/WEBSITE-INTEGRATION.md,WEBSITE-INTEGRATION.md,.md,345,243,691ab0c1661f69de3cb4be664f3aff92b8a8edc77506631c70b09c050712f510,website-integration
5,,joseph-technologies-library-batch-5.zip,joseph-technologies-library-batch-5/workbooks/mitre-attack-companion.xlsx,mitre-attack-companion.xlsx,.xlsx,46043,23147,5401f3706a0cf0cbdd4dc30e27eb33d7551b89ead3a1cfa3ff3a0514a28bf049,mitre-attack-companion
5,,joseph-technologies-library-batch-5.zip,joseph-technologies-library-batch-5/workbooks/detection-coverage-matrix.xlsx,detection-coverage-matrix.xlsx,.xlsx,52788,27396,ddac1060c43209f34cc260205e8c9ae70a8d85ed3bcb2c9728bf33bf4a5b2329,detection-coverage-matrix
5,,joseph-technologies-library-batch-5.zip,joseph-technologies-library-batch-5/workbooks/siem-use-case-manager.xlsx,siem-use-case-manager.xlsx,.xlsx,51318,26017,a968dc19434c79606dc74ad928b457769f8b83a77ac49bb5ecefc2392ed8ca15,siem-use-case-manager
5,,joseph-technologies-library-batch-5.zip,joseph-technologies-library-batch-5/workbooks/ioc-management-workbook.xlsx,ioc-management-workbook.xlsx,.xlsx,69486,27684,7e5145ba0e125be2889e336e0d7c3c5012dbe1d2be4563d40ef8d2420c18cc0e,ioc-management
5,,joseph-technologies-library-batch-5.zip,joseph-technologies-library-batch-5/workbooks/security-metrics-dashboard.xlsx,security-metrics-dashboard.xlsx,.xlsx,72188,34963,c406081fc5df8b6188232c00a2c1d86096013ab3a03a49332835e1bfaf2e5f92,security-metrics-dashboard
5,,joseph-technologies-library-batch-5.zip,joseph-technologies-library-batch-5/pdfs/mitre-attack-companion.pdf,mitre-attack-companion.pdf,.pdf,1977,1180,6825c2993f5365edb652d9b62b9587ef271faca7842006f84ed336382fe142b2,mitre-attack-companion
5,,joseph-technologies-library-batch-5.zip,joseph-technologies-library-batch-5/pdfs/detection-coverage-matrix.pdf,detection-coverage-matrix.pdf,.pdf,1975,1174,ffd20cb8f25316859b01cbc604409e41377dfb33193ed42a11342a25119d048f,detection-coverage-matrix
5,,joseph-technologies-library-batch-5.zip,joseph-technologies-library-batch-5/pdfs/siem-use-case-manager.pdf,siem-use-case-manager.pdf,.pdf,1974,1177,dadcd7b85c8e94b65ff273e369464eb7ce7a4bc64ab52895b53a5b41898f306b,siem-use-case-manager
5,,joseph-technologies-library-batch-5.zip,joseph-technologies-library-batch-5/pdfs/ioc-management-workbook.pdf,ioc-management-workbook.pdf,.pdf,1995,1196,21dc01e3ea74a081cd89389871aa30a9d9b87f442ea6f8914017945227aeaee2,ioc-management
5,,joseph-technologies-library-batch-5.zip,joseph-technologies-library-batch-5/pdfs/security-metrics-dashboard.pdf,security-metrics-dashboard.pdf,.pdf,1992,1187,cd1fe8c988678dc3c909e875fe4ec0abad99d637ade1b13a8e4aaa3dcae223e0,security-metrics-dashboard
5,,joseph-technologies-library-batch-5.zip,joseph-technologies-library-batch-5/diagrams/mitre-attack-companion.svg,mitre-attack-companion.svg,.svg,3161,584,eb065a14d90696c7e5415c6c09418cc13cf6d17cc62314cb8805e9b593a815d2,mitre-attack-companion
5,,joseph-technologies-library-batch-5.zip,joseph-technologies-library-batch-5/diagrams/detection-coverage-matrix.svg,detection-coverage-matrix.svg,.svg,3153,572,ec7a35dbd843e6aa1094b854bbcee9dab66ddb148bcd46fd5f8e1dfa2bc0247e,detection-coverage-matrix
5,,joseph-technologies-library-batch-5.zip,joseph-technologies-library-batch-5/diagrams/siem-use-case-manager.svg,siem-use-case-manager.svg,.svg,3149,589,117a010ac04f1dc0ddf75d6f28aeee4687beb5aefebd4011507f7090f65b6be9,siem-use-case-manager
5,,joseph-technologies-library-batch-5.zip,joseph-technologies-library-batch-5/diagrams/ioc-management-workbook.svg,ioc-management-workbook.svg,.svg,3156,587,aa3e4fe9097423950969572081660322dce302aacf5d6edc10c4a57890fbd804,ioc-management
5,,joseph-technologies-library-batch-5.zip,joseph-technologies-library-batch-5/diagrams/security-metrics-dashboard.svg,security-metrics-dashboard.svg,.svg,3157,588,da1f0428a7fac9a8963be0c54793ccc6cb8f482b4ff8551aaa4814f6ea71a728,security-metrics-dashboard
5,,joseph-technologies-library-batch-5.zip,joseph-technologies-library-batch-5/metadata/mitre-attack-companion.json,mitre-attack-companion.json,.json,602,364,92d8299a59d7eca2a32223c1664562a994d01e953a376315b587cf5984e78913,mitre-attack-companion
5,,joseph-technologies-library-batch-5.zip,joseph-technologies-library-batch-5/metadata/detection-coverage-matrix.json,detection-coverage-matrix.json,.json,627,372,b15dfdd553928b1caa83e8ddb8c674f889a1fb71fae834f03e63a0764964817b,detection-coverage-matrix
5,,joseph-technologies-library-batch-5.zip,joseph-technologies-library-batch-5/metadata/siem-use-case-manager.json,siem-use-case-manager.json,.json,601,363,51127383b19bbc677b6c41c73631922cc35e64fe1d2dc7f9297e497cf61c2f08,siem-use-case-manager
5,,joseph-technologies-library-batch-5.zip,joseph-technologies-library-batch-5/metadata/ioc-management-workbook.json,ioc-management-workbook.json,.json,632,381,13871cd1ccd46fe2e72f5a8240d17138d4c332ca3af0063a1d634998836e747b,ioc-management
5,,joseph-technologies-library-batch-5.zip,joseph-technologies-library-batch-5/metadata/security-metrics-dashboard.json,security-metrics-dashboard.json,.json,635,373,a948d5c99883bc5003fd681c0aa980cbd57d3685c94928efe9089f3910f67093,security-metrics-dashboard
5,,joseph-technologies-library-batch-5.zip,joseph-technologies-library-batch-5/docs/README.md,README.md,.md,837,487,a0f9ca0c606433cac1d9db697b7d94274afce41d312d8f1890f10c0506097c77,
5,,joseph-technologies-library-batch-5.zip,joseph-technologies-library-batch-5/docs/CHANGELOG.md,CHANGELOG.md,.md,255,185,028f927d6dee27976e1d47bc5c0f8981ca4502e0bdaa58080d310f6cfae03f0b,
6,,joseph-technologies-library-batch-6.zip,joseph-technologies-library-batch-6/workbooks/incident-response-case-management.xlsx,incident-response-case-management.xlsx,.xlsx,37602,14699,ea5172e849e5383186fb96e3acbaf56b9b27675efa4e1fe8e1967f10b068c100,incident-response-case-management
6,,joseph-technologies-library-batch-6.zip,joseph-technologies-library-batch-6/workbooks/digital-forensics-examination.xlsx,digital-forensics-examination.xlsx,.xlsx,46687,16507,1deb886c3db3a55364d0adc02da5d249a35e7f0d504e5b359f096ff2819d6111,digital-forensics-examination
6,,joseph-technologies-library-batch-6.zip,joseph-technologies-library-batch-6/workbooks/malware-analysis-companion.xlsx,malware-analysis-companion.xlsx,.xlsx,39547,17133,8d287ac06e73cb489858ea89b75327ca0583413f9dd239f7b6d14a2433b70ec4,malware-analysis-companion
6,,joseph-technologies-library-batch-6.zip,joseph-technologies-library-batch-6/workbooks/threat-hunting-operations.xlsx,threat-hunting-operations.xlsx,.xlsx,34088,14533,dd254065f44b8873b97830dbef5d085da6383f604a404e49410fe0cd0bcebb43,threat-hunting-operations
6,,joseph-technologies-library-batch-6.zip,joseph-technologies-library-batch-6/workbooks/purple-team-exercise-planner.xlsx,purple-team-exercise-planner.xlsx,.xlsx,32303,14670,d5ca92849778031ba43a0e9dfb3b8f57de4b73bae6810db640b73d577c264df6,purple-team-exercise-planner
6,,joseph-technologies-library-batch-6.zip,joseph-technologies-library-batch-6/pdfs/incident-response-case-management.pdf,incident-response-case-management.pdf,.pdf,1880,1095,c59da4d2613434de99a346f9c6f08efac4efc4b734e4aab7fd2496777a96f0ef,incident-response-case-management
6,,joseph-technologies-library-batch-6.zip,joseph-technologies-library-batch-6/pdfs/digital-forensics-examination.pdf,digital-forensics-examination.pdf,.pdf,1894,1108,b7ebb28ca61c2b832e0c22e9eb69f73d025668569b186c8ec965f9fd23287527,digital-forensics-examination
6,,joseph-technologies-library-batch-6.zip,joseph-technologies-library-batch-6/pdfs/malware-analysis-companion.pdf,malware-analysis-companion.pdf,.pdf,1884,1103,a99a7837d00e1d2c4db6da19dd7bcc714bb67c11e1b5e1c541f9d3e70fcb72f3,malware-analysis-companion
6,,joseph-technologies-library-batch-6.zip,joseph-technologies-library-batch-6/pdfs/threat-hunting-operations.pdf,threat-hunting-operations.pdf,.pdf,1874,1091,15d5524488a09b47eca29b7c82c339207e9b2602c3962d1e259808bd1c9c862c,threat-hunting-operations
6,,joseph-technologies-library-batch-6.zip,joseph-technologies-library-batch-6/pdfs/purple-team-exercise-planner.pdf,purple-team-exercise-planner.pdf,.pdf,1884,1100,dfb7b8daec043189755273e2d2eb8f3b290084d824f48d8c53154f4ccd5ee720,purple-team-exercise-planner
6,,joseph-technologies-library-batch-6.zip,joseph-technologies-library-batch-6/diagrams/incident-response-case-management.svg,incident-response-case-management.svg,.svg,1602,372,d7d050d202ec18956da14ca3493400a75a13dd50b037483e43dfb04895473064,incident-response-case-management
6,,joseph-technologies-library-batch-6.zip,joseph-technologies-library-batch-6/diagrams/digital-forensics-examination.svg,digital-forensics-examination.svg,.svg,1592,370,dad0f3a23f7c2ed6612a417c92abc537945ae6e41545d8cce79e851f59973d25,digital-forensics-examination
6,,joseph-technologies-library-batch-6.zip,joseph-technologies-library-batch-6/diagrams/malware-analysis-companion.svg,malware-analysis-companion.svg,.svg,1600,371,9f5546c6b6b9cb8bbba09afb80b1ceb4c43a2e3f60c2c18cf022276ab9a45ebe,malware-analysis-companion
6,,joseph-technologies-library-batch-6.zip,joseph-technologies-library-batch-6/diagrams/threat-hunting-operations.svg,threat-hunting-operations.svg,.svg,1580,368,672ebac26e295c3c9bb8adda2c4b781a452a9e4f3aaac34e97c77778d934eb44,threat-hunting-operations
6,,joseph-technologies-library-batch-6.zip,joseph-technologies-library-batch-6/diagrams/purple-team-exercise-planner.svg,purple-team-exercise-planner.svg,.svg,1590,373,0e7f4312787eb3c448cd6456cd9b3c71fae343cbbdf2bd3d08419a5ee37dd030,purple-team-exercise-planner
6,,joseph-technologies-library-batch-6.zip,joseph-technologies-library-batch-6/metadata/incident-response-case-management.json,incident-response-case-management.json,.json,539,317,d1818e323f5e86c29d949ac2fc04fdaa50773560c335d3e80383c330b24f23ca,incident-response-case-management
6,,joseph-technologies-library-batch-6.zip,joseph-technologies-library-batch-6/metadata/digital-forensics-examination.json,digital-forensics-examination.json,.json,524,314,7de6b4892d4411c1657015218acfd72200d8cc3bebffc888ddaa240486dcba6d,digital-forensics-examination
6,,joseph-technologies-library-batch-6.zip,joseph-technologies-library-batch-6/metadata/malware-analysis-companion.json,malware-analysis-companion.json,.json,522,315,6e8576e5e67ec26834c86591b0e451cd1342aa223faa7aef42112423c53fbeba,malware-analysis-companion
6,,joseph-technologies-library-batch-6.zip,joseph-technologies-library-batch-6/metadata/threat-hunting-operations.json,threat-hunting-operations.json,.json,516,313,99c9c70c53c55ae8059007ce8a8240d63addb719c10fe7737485edb9837aa771,threat-hunting-operations
6,,joseph-technologies-library-batch-6.zip,joseph-technologies-library-batch-6/metadata/purple-team-exercise-planner.json,purple-team-exercise-planner.json,.json,524,316,6b8c249fd37eb2d8eda7a9f0672c0e7a7e4dfe13e45208821fbb7b64b29518f4,purple-team-exercise-planner
6,,joseph-technologies-library-batch-6.zip,joseph-technologies-library-batch-6/docs/README.md,README.md,.md,202,152,4a97af4f5b8b8c38a45939ef97fcc4d41c0528700d3d68cbcc3962c8246d49e4,
6,,joseph-technologies-library-batch-6.zip,joseph-technologies-library-batch-6/docs/CHANGELOG.md,CHANGELOG.md,.md,158,130,b101f35e474e26beb110baa7e7cbe0c9152d9e19beb603ae7c3e62e563c4fd88,
7,1,joseph-technologies-library-batch-7-part-1.zip,joseph-technologies-library-batch-7-part-1/workbooks/zero-trust-architecture-planner.xlsx,zero-trust-architecture-planner.xlsx,.xlsx,11957,10215,3bc09be539da4c9755eb274e43cedf901cd3219812ac5f666330c9ab9df7aef7,zero-trust-architecture-planner
7,1,joseph-technologies-library-batch-7-part-1.zip,joseph-technologies-library-batch-7-part-1/workbooks/network-segmentation-designer.xlsx,network-segmentation-designer.xlsx,.xlsx,11907,10149,cf8e1b586d8b5850d26ab7e01265fac85ba0d8b97ff60f5370dccc697d055096,network-segmentation-designer
7,1,joseph-technologies-library-batch-7-part-1.zip,joseph-technologies-library-batch-7-part-1/workbooks/enterprise-security-architecture-workbook.xlsx,enterprise-security-architecture-workbook.xlsx,.xlsx,11755,9811,c41e45fdb06f3b81ac4557e359be4671750171f3707f52cbefc3f9fdf29e4807,enterprise-security-architecture
7,1,joseph-technologies-library-batch-7-part-1.zip,joseph-technologies-library-batch-7-part-1/pdfs/zero-trust-architecture-planner.pdf,zero-trust-architecture-planner.pdf,.pdf,1868,1086,eab4819bcc64460027989927fc116231797af53a5a84b96fddd079ea02e6c462,zero-trust-architecture-planner
7,1,joseph-technologies-library-batch-7-part-1.zip,joseph-technologies-library-batch-7-part-1/pdfs/network-segmentation-designer.pdf,network-segmentation-designer.pdf,.pdf,1862,1075,d323fdc548037a65c37908725823f5ea14c6881d09da48359e965e8d7c56daa0,network-segmentation-designer
7,1,joseph-technologies-library-batch-7-part-1.zip,joseph-technologies-library-batch-7-part-1/pdfs/enterprise-security-architecture-workbook.pdf,enterprise-security-architecture-workbook.pdf,.pdf,1872,1084,74888593de518bf55a2e20d7278ffd0b3e64512908163c16cd74b9fa89d676bf,enterprise-security-architecture
7,1,joseph-technologies-library-batch-7-part-1.zip,joseph-technologies-library-batch-7-part-1/diagrams/zero-trust-architecture-planner.svg,zero-trust-architecture-planner.svg,.svg,1160,338,8f1e2f94b0b61b21d7347d8b8242706bd6651e39a8f5492ed01bad8f25411d2e,zero-trust-architecture-planner
7,1,joseph-technologies-library-batch-7-part-1.zip,joseph-technologies-library-batch-7-part-1/diagrams/network-segmentation-designer.svg,network-segmentation-designer.svg,.svg,1143,335,94353f3a1c13249227a635e5feddb11b40bc5be5eb8fd4f182e4fa4cd4ad1a6a,network-segmentation-designer
7,1,joseph-technologies-library-batch-7-part-1.zip,joseph-technologies-library-batch-7-part-1/diagrams/enterprise-security-architecture-workbook.svg,enterprise-security-architecture-workbook.svg,.svg,1173,340,54e2cd50c0bd40d1bb3ce93004b65b4c1d2e01036ebca0b0ae1801e16af4d848,enterprise-security-architecture
7,1,joseph-technologies-library-batch-7-part-1.zip,joseph-technologies-library-batch-7-part-1/metadata/zero-trust-architecture-planner.json,zero-trust-architecture-planner.json,.json,387,239,96ff025ab5163c1cb6a62c9d8025d2f9e8baa0ce6a71653cc7d6a949a294db9e,zero-trust-architecture-planner
7,1,joseph-technologies-library-batch-7-part-1.zip,joseph-technologies-library-batch-7-part-1/metadata/network-segmentation-designer.json,network-segmentation-designer.json,.json,358,225,443ce84d2d02f831bd8fb7b408f7c09eeff8554a23f87e6703fcf16bc23c3bf2,network-segmentation-designer
7,1,joseph-technologies-library-batch-7-part-1.zip,joseph-technologies-library-batch-7-part-1/metadata/enterprise-security-architecture-workbook.json,enterprise-security-architecture-workbook.json,.json,398,243,a2b274ae91a1b9c5c608db1877b2fc46358ce532113c8dcfec099bae84169307,enterprise-security-architecture
7,1,joseph-technologies-library-batch-7-part-1.zip,joseph-technologies-library-batch-7-part-1/docs/README.md,README.md,.md,114,99,ddc40051d0f44c4310ec75c04434bee4ab85eba197a45aa5bd36a33ba4418730,
7,1,joseph-technologies-library-batch-7-part-1.zip,joseph-technologies-library-batch-7-part-1/docs/CHANGELOG.md,CHANGELOG.md,.md,69,71,e611c3532d7b69d80c59338418a8f364ba096e6df7ae283af4a5270acc4d7683,
7,2,joseph-technologies-library-batch-7-part-2.zip,joseph-technologies-library-batch-7-part-2/workbooks/identity-access-governance-planner.xlsx,identity-access-governance-planner.xlsx,.xlsx,12729,10700,81c82a8bf31a9216396d4662d7ef6f54b33fd6dd4cc8e13fd62569a0f16edf8d,identity-access-governance-planner
7,2,joseph-technologies-library-batch-7-part-2.zip,joseph-technologies-library-batch-7-part-2/workbooks/cloud-security-architecture-companion.xlsx,cloud-security-architecture-companion.xlsx,.xlsx,13170,11011,e2c53231bdee903207351fa631ed989384b92d39323c2f1f5fe84d35e1a2fa4a,cloud-security-architecture-companion
7,2,joseph-technologies-library-batch-7-part-2.zip,joseph-technologies-library-batch-7-part-2/pdfs/identity-access-governance-planner.pdf,identity-access-governance-planner.pdf,.pdf,1914,1126,e6c2ddc87207e75be3492a735b3fd0cff0abecbb2b15e217abe727190ec4d7db,identity-access-governance-planner
7,2,joseph-technologies-library-batch-7-part-2.zip,joseph-technologies-library-batch-7-part-2/pdfs/cloud-security-architecture-companion.pdf,cloud-security-architecture-companion.pdf,.pdf,1897,1107,6b7d473f150c1bda713f92d016d56f3a1059fc3c97f94bfb355cbaa94dd86dfb,cloud-security-architecture-companion
7,2,joseph-technologies-library-batch-7-part-2.zip,joseph-technologies-library-batch-7-part-2/diagrams/identity-access-governance-planner.svg,identity-access-governance-planner.svg,.svg,1378,359,eb47a4bebbf79e74a6aabcc0784412135b390320db8156404e1b178744aa50ee,identity-access-governance-planner
7,2,joseph-technologies-library-batch-7-part-2.zip,joseph-technologies-library-batch-7-part-2/diagrams/cloud-security-architecture-companion.svg,cloud-security-architecture-companion.svg,.svg,1384,354,21ed3d1b3c706d5417f817e040c59111a72d7794695d9ccc01ef44e30b26044c,cloud-security-architecture-companion
7,2,joseph-technologies-library-batch-7-part-2.zip,joseph-technologies-library-batch-7-part-2/metadata/identity-access-governance-planner.json,identity-access-governance-planner.json,.json,405,256,fa45b087b9c631596ea6a39f39a9b9eafa8898e443adabd8bfdbd60dac3b4cd5,identity-access-governance-planner
7,2,joseph-technologies-library-batch-7-part-2.zip,joseph-technologies-library-batch-7-part-2/metadata/cloud-security-architecture-companion.json,cloud-security-architecture-companion.json,.json,398,254,742c09c130371205d2ad829d2a4031fbda52916f8a3621eb11d3a079edf2bb8c,cloud-security-architecture-companion
7,2,joseph-technologies-library-batch-7-part-2.zip,joseph-technologies-library-batch-7-part-2/docs/README.md,README.md,.md,114,99,78a629ae90e5c97cf4d15355b11ecd546ca612e19c3e6f50bd0366d395da80b3,
7,2,joseph-technologies-library-batch-7-part-2.zip,joseph-technologies-library-batch-7-part-2/docs/CHANGELOG.md,CHANGELOG.md,.md,69,71,1b53a8bd60f4013badb86e5487c155a3d779d3a6d1de24f822d1c327dd44411f,
8,1,joseph-technologies-library-batch-8-part-1(1).zip,joseph-technologies-library-batch-8-part-1/workbooks/iso-27001-isms-companion.xlsx,iso-27001-isms-companion.xlsx,.xlsx,29888,22726,aedb955f975f16fdc4310321cdf43992550b30e9bf1dd233f70b91aa86394a96,iso-27001-isms-companion
8,1,joseph-technologies-library-batch-8-part-1(1).zip,joseph-technologies-library-batch-8-part-1/workbooks/iso-27701-privacy-companion.xlsx,iso-27701-privacy-companion.xlsx,.xlsx,29359,21995,5e95a656b4a03a4ea4cbfa4c589ffd047daa3254e9602bd82317a08bdb956b06,iso-27701-privacy-companion
8,1,joseph-technologies-library-batch-8-part-1(1).zip,joseph-technologies-library-batch-8-part-1/workbooks/nist-csf-2-enterprise-planner.xlsx,nist-csf-2-enterprise-planner.xlsx,.xlsx,29455,22931,e27ef0696a085eaac06b5117a78cd076c15b5a2d27f01866bc6bbf8fe7ccc7bb,nist-csf-2-enterprise-planner
8,1,joseph-technologies-library-batch-8-part-1(1).zip,joseph-technologies-library-batch-8-part-1/pdfs/iso-27001-isms-companion.pdf,iso-27001-isms-companion.pdf,.pdf,2385,1522,c2bc9bbbd945e55dbc294e0bb43caedb5cfde0bd1412feba2dff234353fde5a0,iso-27001-isms-companion
8,1,joseph-technologies-library-batch-8-part-1(1).zip,joseph-technologies-library-batch-8-part-1/pdfs/iso-27701-privacy-companion.pdf,iso-27701-privacy-companion.pdf,.pdf,2375,1513,d12799221e1fe66e3e7f3e29fefd9352de9bb02cbc6d1cfba987ed0d6bd5d8a8,iso-27701-privacy-companion
8,1,joseph-technologies-library-batch-8-part-1(1).zip,joseph-technologies-library-batch-8-part-1/pdfs/nist-csf-2-enterprise-planner.pdf,nist-csf-2-enterprise-planner.pdf,.pdf,2373,1513,650c7b8310cdd6ee42939cc78fac0a39090310218bb2f713f81b802aab90c272,nist-csf-2-enterprise-planner
8,1,joseph-technologies-library-batch-8-part-1(1).zip,joseph-technologies-library-batch-8-part-1/diagrams/iso-27001-isms-companion.svg,iso-27001-isms-companion.svg,.svg,1712,475,3359b6dfd98c97cb0d9d71ff12ae96202f31bb0cb23e7020e20e6cee07fe73b1,iso-27001-isms-companion
8,1,joseph-technologies-library-batch-8-part-1(1).zip,joseph-technologies-library-batch-8-part-1/diagrams/iso-27701-privacy-companion.svg,iso-27701-privacy-companion.svg,.svg,1727,475,3831bd1ee2091f9a8595cb64a208c4a1fdfa7e62f09554f8a2baeff5a6fa15ef,iso-27701-privacy-companion
8,1,joseph-technologies-library-batch-8-part-1(1).zip,joseph-technologies-library-batch-8-part-1/diagrams/nist-csf-2-enterprise-planner.svg,nist-csf-2-enterprise-planner.svg,.svg,1700,469,a5fab59c5320c16be94bdcf6001b353eb7159ee31c662c5c64ea892731a23395,nist-csf-2-enterprise-planner
8,1,joseph-technologies-library-batch-8-part-1(1).zip,joseph-technologies-library-batch-8-part-1/metadata/iso-27001-isms-companion.json,iso-27001-isms-companion.json,.json,595,308,15a05ebe1b706436fd58f8b0123bd8be36b80caa44b73aae97798bf298eb3596,iso-27001-isms-companion
8,1,joseph-technologies-library-batch-8-part-1(1).zip,joseph-technologies-library-batch-8-part-1/metadata/iso-27701-privacy-companion.json,iso-27701-privacy-companion.json,.json,609,328,4e8d598aab250dfddffe95793bc61ba81544b81f70a0b926c3c57491272d1fa1,iso-27701-privacy-companion
8,1,joseph-technologies-library-batch-8-part-1(1).zip,joseph-technologies-library-batch-8-part-1/metadata/nist-csf-2-enterprise-planner.json,nist-csf-2-enterprise-planner.json,.json,614,329,9c2bb3d553f4d9ad41eb9f342b766f354adfff89048631fab70ab5529ad8f233,nist-csf-2-enterprise-planner
8,1,joseph-technologies-library-batch-8-part-1(1).zip,joseph-technologies-library-batch-8-part-1/metadata/manifest.json,manifest.json,.json,1916,557,2038b297229952a7a0f3efc703e269e3d821666167919c368d0cf980c91642aa,
8,1,joseph-technologies-library-batch-8-part-1(1).zip,joseph-technologies-library-batch-8-part-1/docs/README.md,README.md,.md,274,195,c0d43d0645e73c7738c640716ffa8745e22e351924941a1c1c808acb8e530a6d,
8,1,joseph-technologies-library-batch-8-part-1(1).zip,joseph-technologies-library-batch-8-part-1/docs/CHANGELOG.md,CHANGELOG.md,.md,72,73,f29e068e1f56a9ef3702a0df38e18c27f46e203c59bc482b890bbe25a0857761,
8,2,joseph-technologies-library-batch-8-part-2(1).zip,joseph-technologies-library-batch-8-part-2/workbooks/cis-controls-v8-planner.xlsx,cis-controls-v8-planner.xlsx,.xlsx,23420,19152,03b75d2a9016b2c6c669c96cbab70810b35620b612840f2e68d86f5c388d0a91,cis-controls-v8-planner
8,2,joseph-technologies-library-batch-8-part-2(1).zip,joseph-technologies-library-batch-8-part-2/workbooks/enterprise-compliance-crosswalk.xlsx,enterprise-compliance-crosswalk.xlsx,.xlsx,21728,18377,72e2f99cc68802017026c80afa6284883081012d3f91f9368839bfd78a95381e,enterprise-compliance-crosswalk
8,2,joseph-technologies-library-batch-8-part-2(1).zip,joseph-technologies-library-batch-8-part-2/pdfs/cis-controls-v8-planner.pdf,cis-controls-v8-planner.pdf,.pdf,2284,1439,925069e0b289deab70c2d449162daae78b1852363184bac145000d1e26b63a96,cis-controls-v8-planner
8,2,joseph-technologies-library-batch-8-part-2(1).zip,joseph-technologies-library-batch-8-part-2/pdfs/enterprise-compliance-crosswalk.pdf,enterprise-compliance-crosswalk.pdf,.pdf,2403,1537,91d68a7879c699f788f537e4f01b9d214f09eac3193094dbe8c46bf725202293,enterprise-compliance-crosswalk
8,2,joseph-technologies-library-batch-8-part-2(1).zip,joseph-technologies-library-batch-8-part-2/diagrams/cis-controls-v8-planner.svg,cis-controls-v8-planner.svg,.svg,1498,457,16a1e7b85c51c7ebe68ec289e48ffd849e6d33279b169027652b62397ea181a0,cis-controls-v8-planner
8,2,joseph-technologies-library-batch-8-part-2(1).zip,joseph-technologies-library-batch-8-part-2/diagrams/enterprise-compliance-crosswalk.svg,enterprise-compliance-crosswalk.svg,.svg,1712,474,ee87691d112d54269516b21d9f4944b30b32cf25d2ac2ba384d120e36671306d,enterprise-compliance-crosswalk
8,2,joseph-technologies-library-batch-8-part-2(1).zip,joseph-technologies-library-batch-8-part-2/metadata/cis-controls-v8-planner.json,cis-controls-v8-planner.json,.json,597,325,a9a2e1c88976a1b32a5418b2c449156ea398d7c0c54008cbfeec739d8289dfe0,cis-controls-v8-planner
8,2,joseph-technologies-library-batch-8-part-2(1).zip,joseph-technologies-library-batch-8-part-2/metadata/enterprise-compliance-crosswalk.json,enterprise-compliance-crosswalk.json,.json,635,325,a7c17bdd89ddafe0bd5eeae0182fac73a556ec34400fcc8bdd8c83cdb2f2fc0e,enterprise-compliance-crosswalk
8,2,joseph-technologies-library-batch-8-part-2(1).zip,joseph-technologies-library-batch-8-part-2/metadata/manifest.json,manifest.json,.json,1298,465,394c2e95c05477c2f5ad14051f6c56e28b43d9ba42ce4fca002290efc1761923,
8,2,joseph-technologies-library-batch-8-part-2(1).zip,joseph-technologies-library-batch-8-part-2/docs/README.md,README.md,.md,274,195,440cc894a0a631e9d59a25c571048cbb069437f3c3daf20b45aae4b22091de3f,
8,2,joseph-technologies-library-batch-8-part-2(1).zip,joseph-technologies-library-batch-8-part-2/docs/CHANGELOG.md,CHANGELOG.md,.md,72,73,7ee172a8c3b98231462a80759acdeac2ff9f70b0eb5412326d6260054135ab7a,
9,1,joseph-technologies-library-batch-9-part-1.zip,joseph-technologies-library-batch-9-part-1/workbooks/fair-risk-analysis-toolkit.xlsx,fair-risk-analysis-toolkit.xlsx,.xlsx,42597,27437,18b0f62b7869d99f2d4704f8e05af57d558b68e960e446c4e2faa0e243a64b72,fair-risk-analysis-toolkit
9,1,joseph-technologies-library-batch-9-part-1.zip,joseph-technologies-library-batch-9-part-1/workbooks/octave-risk-assessment-companion.xlsx,octave-risk-assessment-companion.xlsx,.xlsx,23898,18841,cd2bc438a8de3b29dc584d7149788f9de999ae2837cbce2bde1d6b0cfac7b825,octave-risk-assessment-companion
9,1,joseph-technologies-library-batch-9-part-1.zip,joseph-technologies-library-batch-9-part-1/workbooks/enterprise-risk-register-pro.xlsx,enterprise-risk-register-pro.xlsx,.xlsx,28951,20855,e988e2b96d7b187eb108406bbd4ab7faf0fe90db666b5d62327b071e21581c12,enterprise-risk-register-pro
9,1,joseph-technologies-library-batch-9-part-1.zip,joseph-technologies-library-batch-9-part-1/pdfs/fair-risk-analysis-toolkit.pdf,fair-risk-analysis-toolkit.pdf,.pdf,2377,1513,e236a6c4f3fc552cf6e6bf16a136133e83650e10dd44d96100228e97e709c076,fair-risk-analysis-toolkit
9,1,joseph-technologies-library-batch-9-part-1.zip,joseph-technologies-library-batch-9-part-1/pdfs/octave-risk-assessment-companion.pdf,octave-risk-assessment-companion.pdf,.pdf,2389,1518,9b37dc1ce7cd354b74f88dde77616791b376fc73eb32d0463f1e81e5a516a125,octave-risk-assessment-companion
9,1,joseph-technologies-library-batch-9-part-1.zip,joseph-technologies-library-batch-9-part-1/pdfs/enterprise-risk-register-pro.pdf,enterprise-risk-register-pro.pdf,.pdf,2280,1429,07096f6fc2b609f668319a48fa05354a0f9bc1fcceed875bb6b60f2fba0575ef,enterprise-risk-register-pro
9,1,joseph-technologies-library-batch-9-part-1.zip,joseph-technologies-library-batch-9-part-1/diagrams/fair-risk-analysis-toolkit.svg,fair-risk-analysis-toolkit.svg,.svg,1775,497,a9117bedccefcaa49db53a15c6c32dbdec94a459664a05d434db3e8ad90331ff,fair-risk-analysis-toolkit
9,1,joseph-technologies-library-batch-9-part-1.zip,joseph-technologies-library-batch-9-part-1/diagrams/octave-risk-assessment-companion.svg,octave-risk-assessment-companion.svg,.svg,1790,508,31fe52dc69e980f336ec20b7beae0ee22591c3ee5139e4750668b9623decb0c2,octave-risk-assessment-companion
9,1,joseph-technologies-library-batch-9-part-1.zip,joseph-technologies-library-batch-9-part-1/diagrams/enterprise-risk-register-pro.svg,enterprise-risk-register-pro.svg,.svg,1514,449,f88644df917e5d66f46ecaff7076fc72d51a111ffcfb21b177fb433ab4e496ed,enterprise-risk-register-pro
9,1,joseph-technologies-library-batch-9-part-1.zip,joseph-technologies-library-batch-9-part-1/metadata/fair-risk-analysis-toolkit.json,fair-risk-analysis-toolkit.json,.json,489,274,494fe5c97e4efafcaca424481d645e510f3face918866979c1a5ab88f240a149,fair-risk-analysis-toolkit
9,1,joseph-technologies-library-batch-9-part-1.zip,joseph-technologies-library-batch-9-part-1/metadata/octave-risk-assessment-companion.json,octave-risk-assessment-companion.json,.json,536,275,cbb6313a4dfd0725b4420abdd45624921d4d9867001e431183dbe89ee7fa5c38,octave-risk-assessment-companion
9,1,joseph-technologies-library-batch-9-part-1.zip,joseph-technologies-library-batch-9-part-1/metadata/enterprise-risk-register-pro.json,enterprise-risk-register-pro.json,.json,506,271,953185fa0216a914bbe40ced8886255e6d71ffc4e02f4f2d5d5b5256c88bc2f9,enterprise-risk-register-pro
9,1,joseph-technologies-library-batch-9-part-1.zip,joseph-technologies-library-batch-9-part-1/metadata/manifest.json,manifest.json,.json,1623,529,e0c30f9caf6add60658dc89f49bbcb0976ed49b2992ae9bb98dd91664262bdc9,
9,1,joseph-technologies-library-batch-9-part-1.zip,joseph-technologies-library-batch-9-part-1/docs/README.md,README.md,.md,146,120,f2261a94ac3c24ccbf05c466f57578225079b31d558f1fb356596569f49fa63b,
9,1,joseph-technologies-library-batch-9-part-1.zip,joseph-technologies-library-batch-9-part-1/docs/CHANGELOG.md,CHANGELOG.md,.md,69,71,073cf66372bb270d03ac9de2d5382513eda33fa61016e30f9781208741d65e6f,
9,2,joseph-technologies-library-batch-9-part-2.zip,joseph-technologies-library-batch-9-part-2/workbooks/business-impact-analysis-workbook.xlsx,business-impact-analysis-workbook.xlsx,.xlsx,25230,19642,0af46f86d3002658773d1fcd033ce78232c509d9039b619c817b88218faeb8f8,business-impact-analysis
9,2,joseph-technologies-library-batch-9-part-2.zip,joseph-technologies-library-batch-9-part-2/workbooks/cyber-risk-heatmap-executive-dashboard.xlsx,cyber-risk-heatmap-executive-dashboard.xlsx,.xlsx,33519,21768,5fb39f1a7c1af51c5a1dcf9cc1e2a915adf354a91b7c0b9cf9e74f93681b5021,cyber-risk-heatmap-executive-dashboard
9,2,joseph-technologies-library-batch-9-part-2.zip,joseph-technologies-library-batch-9-part-2/pdfs/business-impact-analysis-workbook.pdf,business-impact-analysis-workbook.pdf,.pdf,2360,1501,a9731061e98227fe32a4a9b2d0be34e8a99628ce8eb330714626a5d5b309e396,business-impact-analysis
9,2,joseph-technologies-library-batch-9-part-2.zip,joseph-technologies-library-batch-9-part-2/pdfs/cyber-risk-heatmap-executive-dashboard.pdf,cyber-risk-heatmap-executive-dashboard.pdf,.pdf,2304,1451,77316d4a782caf2b5d7241bf3fd9c519867809644bff5c21f505cc3250553674,cyber-risk-heatmap-executive-dashboard
9,2,joseph-technologies-library-batch-9-part-2.zip,joseph-technologies-library-batch-9-part-2/diagrams/business-impact-analysis-workbook.svg,business-impact-analysis-workbook.svg,.svg,1789,491,0f3ad1f1d990633146e0388ef13eb7da233ac4fb24a5095d766dd5023942be81,business-impact-analysis
9,2,joseph-technologies-library-batch-9-part-2.zip,joseph-technologies-library-batch-9-part-2/diagrams/cyber-risk-heatmap-executive-dashboard.svg,cyber-risk-heatmap-executive-dashboard.svg,.svg,1528,468,35df27fb395cad81eda5c0be101f53f4c94952792168031222b713d90ba24ba4,cyber-risk-heatmap-executive-dashboard
9,2,joseph-technologies-library-batch-9-part-2.zip,joseph-technologies-library-batch-9-part-2/metadata/business-impact-analysis-workbook.json,business-impact-analysis-workbook.json,.json,531,273,8da1476966964cd8dfb0b4b36aa1015b327e296436b5c5597b47cdca187f50a2,business-impact-analysis
9,2,joseph-technologies-library-batch-9-part-2.zip,joseph-technologies-library-batch-9-part-2/metadata/cyber-risk-heatmap-executive-dashboard.json,cyber-risk-heatmap-executive-dashboard.json,.json,559,289,fb10ac1750e9c6bf86d7d6f67c4b9cbc4ecf5cf5861c4037d2fe5e77762d739f,cyber-risk-heatmap-executive-dashboard
9,2,joseph-technologies-library-batch-9-part-2.zip,joseph-technologies-library-batch-9-part-2/metadata/manifest.json,manifest.json,.json,1152,429,b9a3633cc90f3b048492813b293eebbe4c33377f6b79f8950ee2f6ecaff784bc,
9,2,joseph-technologies-library-batch-9-part-2.zip,joseph-technologies-library-batch-9-part-2/docs/README.md,README.md,.md,146,120,58d9df62376347388df1c3ab653eaa4c59e846d4e3b1e13f36393c6e8e117d07,
9,2,joseph-technologies-library-batch-9-part-2.zip,joseph-technologies-library-batch-9-part-2/docs/CHANGELOG.md,CHANGELOG.md,.md,69,71,74e6606bd62e38a1d6f6d914e5bbdb925018f22d0d6642dfb77a0f30db7c599d,
2,,joseph-technologies-library-set-2.zip,joseph-technologies-library-set-2/workbooks/aaa-access-review.xlsx,aaa-access-review.xlsx,.xlsx,7490,5932,7c578f6d9cb6c49b6873e78b1d2fb22712e3f9afca22f8230ad21dbba8a583b2,aaa-access-review
2,,joseph-technologies-library-set-2.zip,joseph-technologies-library-set-2/workbooks/bell-lapadula-access-matrix.xlsx,bell-lapadula-access-matrix.xlsx,.xlsx,10921,7704,67c174ca0efc14d0f9a3febe487aef3dd136bf23cbd34ef9efe109a70f7ec5b8,bell-lapadula-access-matrix
2,,joseph-technologies-library-set-2.zip,joseph-technologies-library-set-2/workbooks/biba-integrity-assessment.xlsx,biba-integrity-assessment.xlsx,.xlsx,10852,7446,e157e5a03f3593757154afad873917c4c912fa6195abd7c4b27fa101db128729,biba-integrity-assessment
2,,joseph-technologies-library-set-2.zip,joseph-technologies-library-set-2/workbooks/cybersecurity-risk-register.xlsx,cybersecurity-risk-register.xlsx,.xlsx,16619,9595,017ffa0ab46440221fe0c6f3fd6841072067cdafa4c43ad21c3da27ea9c3959e,cybersecurity-risk-register
2,,joseph-technologies-library-set-2.zip,joseph-technologies-library-set-2/workbooks/nist-csf-2-planning-companion.xlsx,nist-csf-2-planning-companion.xlsx,.xlsx,15152,10349,73284ccb6892a9f0e38474af95345db260a91aa2711db30314c7068ab871e3e5,nist-csf-2-planning-companion
2,,joseph-technologies-library-set-2.zip,joseph-technologies-library-set-2/pdfs/aaa-access-review.pdf,aaa-access-review.pdf,.pdf,1972,1174,337c14cf365e06e662df064cec96f8de3d7c35ab04036a2cb770dcd806b83880,aaa-access-review
2,,joseph-technologies-library-set-2.zip,joseph-technologies-library-set-2/pdfs/bell-lapadula-access-matrix.pdf,bell-lapadula-access-matrix.pdf,.pdf,1994,1194,f8818a6fff0ea9f2e31ba03218730fc6e1ea2a4345eef70443d4148321f1c543,bell-lapadula-access-matrix
2,,joseph-technologies-library-set-2.zip,joseph-technologies-library-set-2/pdfs/biba-integrity-assessment.pdf,biba-integrity-assessment.pdf,.pdf,1977,1180,7ba1f91428a39cde171140a67fee06151ff5da8536641dd02e03438cc7e6b78f,biba-integrity-assessment
2,,joseph-technologies-library-set-2.zip,joseph-technologies-library-set-2/pdfs/cybersecurity-risk-register.pdf,cybersecurity-risk-register.pdf,.pdf,2027,1218,0aecec1650f75deb4f2b582e63b1e79447f8d16dae019fc843287dd94b5b9be9,cybersecurity-risk-register
2,,joseph-technologies-library-set-2.zip,joseph-technologies-library-set-2/pdfs/nist-csf-2-planning-companion.pdf,nist-csf-2-planning-companion.pdf,.pdf,2028,1224,915f70de9eff1e9a99f37d89111d1ec1905a9e75418cbe02646af8b3caea519f,nist-csf-2-planning-companion
2,,joseph-technologies-library-set-2.zip,joseph-technologies-library-set-2/diagrams/aaa-access-review.svg,aaa-access-review.svg,.svg,2337,488,98ea45deb04ad6f972d8c2b5f5814128166e94c27adc832b6f1e5e7a10472200,aaa-access-review
2,,joseph-technologies-library-set-2.zip,joseph-technologies-library-set-2/diagrams/bell-lapadula-access-matrix.svg,bell-lapadula-access-matrix.svg,.svg,2364,494,0522e05bcdfedb5122f35dae15fbaf9f7dbf26b0f1349c4ebf962a9cb2d1f373,bell-lapadula-access-matrix
2,,joseph-technologies-library-set-2.zip,joseph-technologies-library-set-2/diagrams/biba-integrity-assessment.svg,biba-integrity-assessment.svg,.svg,2331,479,0c1480fc14ef498dbb94ced224c5b526bd89d088c38a173f9bbca40e8ff340cd,biba-integrity-assessment
2,,joseph-technologies-library-set-2.zip,joseph-technologies-library-set-2/diagrams/cybersecurity-risk-register.svg,cybersecurity-risk-register.svg,.svg,2327,485,b11f87c9e0d8bdb0356b161ffd540c7b1f3590ee34e72894c1d75ddcaccca5e1,cybersecurity-risk-register
2,,joseph-technologies-library-set-2.zip,joseph-technologies-library-set-2/diagrams/nist-csf-2-planning-companion.svg,nist-csf-2-planning-companion.svg,.svg,2339,492,6b925f8ba76028cc996587d54195aa9b7d91e0bfea61c9157ce85fe61fbfdaf1,nist-csf-2-planning-companion
2,,joseph-technologies-library-set-2.zip,joseph-technologies-library-set-2/metadata/aaa-access-review.json,aaa-access-review.json,.json,380,237,9c8286564f5d4868433723b4f205b37df845790fd5815031ffcd5288086f4923,aaa-access-review
2,,joseph-technologies-library-set-2.zip,joseph-technologies-library-set-2/metadata/bell-lapadula-access-matrix.json,bell-lapadula-access-matrix.json,.json,426,272,4d963c72eb912dd145f1ecbad4b8516cb5ac8fe644da85a622d7fb482400f0ee,bell-lapadula-access-matrix
2,,joseph-technologies-library-set-2.zip,joseph-technologies-library-set-2/metadata/biba-integrity-assessment.json,biba-integrity-assessment.json,.json,402,260,fd201dfaa91cb5c9ca3b1bfa35ad77ec419399cfb74666be6477158a0b520326,biba-integrity-assessment
2,,joseph-technologies-library-set-2.zip,joseph-technologies-library-set-2/metadata/cybersecurity-risk-register.json,cybersecurity-risk-register.json,.json,403,252,efe881a25cb09d3d69182879ad823fd383a406ba50ef6e114789d5d889aad390,cybersecurity-risk-register
2,,joseph-technologies-library-set-2.zip,joseph-technologies-library-set-2/metadata/nist-csf-2-planning-companion.json,nist-csf-2-planning-companion.json,.json,633,348,b4e1059febb1368dedfb3e9d7f0779ea2eda485b9ab9fff39d434f73449798eb,nist-csf-2-planning-companion
2,,joseph-technologies-library-set-2.zip,joseph-technologies-library-set-2/docs/README.md,README.md,.md,544,349,46f99200625aecf81b43008339c9c6edd40ea914688f8ad81ca2173221b2e939,
